7,1.07113409042,-5.49320697784,-152.953933716,309.99609375,1021.29998779,20.0,
7,1.13527989388,-6.16258430481,-152.277877808,309.99609375,1021.30999756,20.0,
7,1.19486808777,-5.91523313522,-152.370223999,309.829559326,1021.30999756,20.0,
7,1.25434207916,-5.92495679855,-152.063903809,310.236358643,1021.34997559,20.0,
7,1.31401896477,-5.47055625916,-151.531784058,310.399902344,1021.32000732,20.0,
7,1.37405109406,-5.23674678802,-152.335525513,310.357391357,1021.28997803,20.0,
7,1.43417096138,-6.37710094452,-152.08972168,310.641784668,1021.34997559,20.0,
7,1.49422287941,-5.48093271255,-151.73223877,310.681518555,1021.32000732,20.0,
7,1.55407691002,-5.96663379669,-151.850753784,310.301330566,1021.32000732,20.0,
7,1.61418199539,-5.66818332672,-151.957138062,310.301330566,1021.32000732,20.0,
7,1.67407298088,-5.66818332672,-151.957138062,310.70111084,1021.32000732,20.0,
7,1.73520803452,-6.18539905548,-152.682678223,310.70111084,1021.29998779,20.0,
7,1.79480409622,-6.16258430481,-152.277877808,310.52053833,1021.30999756,20.0,
7,1.85984897614,-5.91050386429,-152.571792603,310.279876709,1021.30999756,20.0,
7,1.92084503174,-5.42502641678,-152.554931641,310.258209229,1021.32000732,20.0,
7,1.98083496094,-5.73039150238,-152.65814209,310.160400391,1021.33001709,20.0,
7,2.04106402397,-5.91523313522,-152.370223999,310.357391357,1021.32000732,20.0,
7,2.10123300552,-6.08722066879,-152.390426636,310.357391357,1021.32000732,20.0,
7,2.16117501259,-5.47207164764,-152.039916992,310.399902344,1021.34002686,20.0,
7,2.2208108902,-5.93600130081,-152.26524353,310.399902344,1021.32000732,20.0,
7,2.28091192245,-5.71859741211,-151.945343018,310.904968262,1021.35998535,20.0,
7,2.34119200706,-5.85263395309,-152.17906189,310.681518555,1021.30999756,20.0,
7,2.40094399452,-5.67873001099,-152.157302856,310.399902344,1021.30999756,20.0,
7,2.46059203148,-5.50159883499,-152.135406494,310.942352295,1021.28997803,20.0,
7,2.52206707001,-5.639336586,-152.366348267,310.82144165,1021.34002686,20.0,
7,2.58253908157,-5.69854307175,-152.051681519,310.82144165,1021.32000732,20.0,
7,2.64261698723,-5.749563694,-152.040664673,310.641784668,1021.30999756,20.0,
7,2.70246696472,-5.94573354721,-151.957687378,310.641784668,1021.33001709,20.0,
7,2.76220488548,-5.94573354721,-151.957687378,310.236358643,1021.2800293,20.0,
7,2.82314300537,-5.48228263855,-152.241378784,310.52053833,1021.28997803,20.0,
7,2.88426089287,-5.44284534454,-151.945480347,310.192047119,1021.30999756,20.0,
7,2.94837498665,-5.6986041069,-152.051681519,310.093383789,1021.28997803,20.0,
7,3.00915002823,-6.15234136581,-152.584213257,310.783050537,1021.28997803,20.0,
7,3.06988096237,-5.639336586,-152.366348267,310.541015625,1021.30999756,20.0,
7,3.13085603714,-5.48093271255,-151.73223877,310.52053833,1021.29998779,20.0,
7,3.190502882,-5.79175662994,-152.341506958,310.52053833,1021.2800293,20.0,
7,3.25021886826,-5.50159883499,-151.957687378,310.086212158,1021.30999756,20.0,
7,3.31035089493,-5.4731554985,-152.548324585,310.086212158,1021.34002686,20.0,
7,3.37022089958,-5.6986041069,-152.051681519,310.018920898,1021.35998535,20.0,
7,3.43130993843,-5.65897512436,-152.262176514,310.661743164,1021.35998535,20.0,
7,3.49243497849,-6.17268276215,-151.97052002,310.378753662,1021.2800293,20.0,
7,3.55375790596,-5.71982717514,-152.455245972,310.378753662,1021.30999756,20.0,
7,3.61409091949,-6.15228033066,-152.584213257,310.258209229,1021.30999756,20.0,
7,3.67449188232,-5.70782661438,-151.744186401,310.378753662,1021.35998535,20.0,
7,3.735902071,-5.67873001099,-152.157302856,311.185913086,1021.29998779,20.0,
7,3.80562400818,-5.93454122543,-151.756607056,310.70111084,1021.2800293,20.0,
7,3.86570096016,-5.93600130081,-151.744186401,310.378753662,1021.30999756,20.0,
7,3.92753505707,-5.89459085464,-152.474456787,310.378753662,1021.29998779,20.0,
7,3.98733997345,-5.70923185349,-152.253097534,310.661743164,1021.30999756,20.0,
7,4.04687404633,-5.70923185349,-152.253097534,310.661743164,1021.30999756,20.0,
7,4.10688900948,-5.70923185349,-152.253097534,310.661743164,1021.30999756,20.0,
7,4.16694307327,-5.92495679855,-152.063903809,310.378753662,1021.33001709,20.0,
7,4.23306107521,-5.92495679855,-152.063903809,310.641784668,1021.29998779,20.0,
7,4.29265904427,-5.94573354721,-151.957687378,310.138275146,1021.29998779,20.0,
7,4.35219287872,-6.2060713768,-152.06602478,310.42086792,1021.2800293,20.0,
7,4.4120490551,-5.79038333893,-151.825256348,310.42086792,1021.29998779,20.0,
7,4.4714410305,-5.92612886429,-152.571792603,310.783050537,1021.34002686,20.0,
7,4.54174208641,-5.94701147079,-152.467346191,310.783050537,1021.32000732,20.0,
7,4.60836791992,-5.70782661438,-151.744186401,310.378753662,1021.33001709,20.0,
7,4.66844987869,-6.39943647385,-151.983825684,310.378753662,1021.29998779,20.0,
7,4.72842097282,-5.47207164764,-152.039916992,310.541015625,1021.28997803,20.0,
7,4.78867697716,-5.61864757538,-151.968765259,310.923736572,1021.29998779,20.0,
7,4.8486199379,-5.6986041069,-152.051681519,310.279876709,1021.33001709,20.0,
7,4.90854597092,-5.99905776978,-151.94593811,310.258209229,1021.30999756,20.0,
7,4.96804499626,-6.15112543106,-152.076583862,310.49987793,1021.33001709,20.0,
7,5.02812790871,-5.48228263855,-152.241378784,310.49987793,1021.33001709,20.0,
7,5.08790493011,-5.6986041069,-152.051681519,310.138275146,1021.30999756,20.0,
7,5.14777302742,-5.67873001099,-152.157302856,310.138275146,1021.28997803,20.0,
7,5.2073829174,-5.90430498123,-152.169387817,310.561279297,1021.32000732,20.0,
7,5.26716089249,-5.67873001099,-152.157302856,310.357391357,1021.32000732,20.0,
7,5.32673501968,-5.70782661438,-151.744186401,310.783050537,1021.32000732,20.0,
7,5.38637900352,-5.91523313522,-152.370223999,310.378753662,1021.34002686,20.0,
7,5.4463288784,-5.67873001099,-152.157302856,310.479034424,1021.30999756,20.0,
7,5.50577497482,-5.71859741211,-151.945343018,309.99609375,1021.32000732,20.0,
7,5.57060599327,-6.20737886429,-151.352890015,310.52053833,1021.34002686,20.0,
7,5.63058304787,-5.69702672958,-151.543777466,310.52053833,1021.33001709,20.0,
7,5.69052886963,-5.66938209534,-152.46257019,310.378753662,1021.25,20.0,
7,5.75058698654,-5.95689439774,-152.159545898,310.279876709,1021.32000732,20.0,
7,5.81043100357,-5.68924665451,-152.358200073,310.541015625,1021.32000732,20.0,
7,5.87838697433,-6.43403148651,-152.079421997,310.399902344,1021.29998779,20.0,
7,5.93805193901,-5.92495679855,-152.063903809,310.160400391,1021.34002686,20.0,
7,5.99797391891,-5.90430498123,-152.169387817,310.942352295,1021.33001709,20.0,
7,6.0576980114,-5.96476745605,-151.339645386,310.923736572,1021.30999756,20.0,
7,6.11796307564,-6.37836074829,-152.597076416,310.641784668,1021.35998535,20.0,
7,6.17725801468,-5.70782661438,-151.744186401,310.641784668,1021.28997803,20.0,
7,6.23657107353,-5.90537214279,-152.675521851,310.49987793,1021.34002686,20.0,
7,6.29643893242,-5.68924665451,-152.358200073,310.378753662,1021.33001709,20.0,
7,6.35654997826,-5.92495679855,-152.063903809,310.279876709,1021.2800293,20.0,
7,6.41634392738,-5.91523313522,-152.370223999,310.581390381,1021.29998779,20.0,
7,6.47711491585,-6.15112543106,-152.076583862,310.541015625,1021.39001465,20.0,
7,6.53710889816,-5.91523313522,-152.370223999,310.798431396,1021.28997803,20.0,
7,6.59678292274,-5.93600130081,-152.26524353,310.301330566,1021.30999756,20.0,
7,6.65665698051,-5.71859741211,-151.945343018,310.301330566,1021.34997559,20.0,
7,6.71648097038,-5.93454122543,-151.756607056,310.42086792,1021.32000732,20.0,
7,6.7756819725,-5.56156873703,-152.32951355,310.42086792,1021.28997803,20.0,
7,6.84420895576,-5.52214384079,-152.541610718,310.82144165,1021.29998779,20.0,
7,6.90530109406,-5.44284534454,-151.945480347,310.82144165,1021.32000732,20.0,
7,6.96946406364,-5.95689439774,-152.159545898,310.641784668,1021.30999756,20.0,
7,7.02956008911,-5.45297813416,-152.145675659,310.942352295,1021.32000732,20.0,
7,7.08937597275,-5.68794584274,-151.851028442,310.279876709,1021.2800293,20.0,
7,7.14955592155,-5.91523313522,-152.370223999,310.661743164,1021.29998779,20.0,
7,7.20951008797,-5.749563694,-152.040664673,310.52053833,1021.35998535,20.0,
7,7.26933407784,-6.12969684601,-152.181930542,310.52053833,1021.30999756,20.0,
7,7.32940101624,-5.90430498123,-152.169387817,310.258209229,1021.33001709,20.0,
7,7.38971590996,-5.89459085464,-152.474456787,310.258209229,1021.30999756,20.0,
7,7.44982004166,-5.67975759506,-152.663696289,310.378753662,1021.30999756,20.0,
7,7.51458406448,-5.68924665451,-152.358200073,310.561279297,1021.2800293,20.0,
7,7.58205294609,-5.93454122543,-151.756607056,310.441650391,1021.30999756,20.0,
7,7.64614987373,-5.50159883499,-152.135406494,310.357391357,1021.29998779,20.0,
7,7.71284389496,-5.42397069931,-152.050994873,310.399902344,1021.2800293,20.0,
7,7.77541899681,-5.50159883499,-152.135406494,310.783050537,1021.33001709,20.0,
7,7.83531904221,-5.50014638901,-151.624511719,310.258209229,1021.32000732,20.0,
7,7.89531993866,-5.68924665451,-152.358200073,310.904968262,1021.29998779,20.0,
7,7.95493602753,-5.47207164764,-152.039916992,310.942352295,1021.32000732,20.0,
7,8.01478385925,-5.70782661438,-151.744186401,310.942352295,1021.34002686,20.0,
7,8.07464194298,-5.8633685112,-152.378173828,310.681518555,1021.34002686,20.0,
7,8.13454699516,-5.70782661438,-151.744186401,310.681518555,1021.39001465,20.0,
7,8.19430994987,-5.89334487915,-151.969284058,310.82144165,1021.36999512,20.0,
7,8.25375390053,-5.65897512436,-152.262176514,310.399902344,1021.29998779,20.0,
7,8.31282806396,-5.70923185349,-152.253097534,310.661743164,1021.33001709,20.0,
7,8.37266802788,-6.16258430481,-152.277877808,310.661743164,1021.33001709,20.0,
7,8.43231606483,-5.49128007889,-151.933441162,310.279876709,1021.29998779,20.0,
7,8.49146604538,-5.87407112122,-152.577987671,310.279876709,1021.32000732,20.0,
7,8.55134797096,-5.67873001099,-152.157302856,310.641784668,1021.34997559,20.0,
7,8.61123108864,-5.68924665451,-152.358200073,310.923736572,1021.33001709,20.0,
7,8.67128300667,-5.93454122543,-151.756607056,310.279876709,1021.34002686,20.0,
7,8.73111200333,-5.95683336258,-152.159545898,310.661743164,1021.41998291,20.0,
7,8.79118108749,-2.94188785553,-152.274124146,310.661743164,1021.30999756,20.0,
7,8.85112500191,-6.37710094452,-152.08972168,310.51663208,1021.32000732,20.0,
7,8.91108703613,-5.89459085464,-152.474456787,310.52053833,1021.35998535,20.0,
7,8.97089195251,-5.93600130081,-152.26524353,310.399902344,1021.30999756,20.0,
7,9.03058505058,-5.95689439774,-152.159545898,310.399902344,1021.33123779,20.0,
7,9.09040594101,-5.71982717514,-152.455245972,310.399902344,1021.33001709,20.0,
7,9.15037608147,-5.90430498123,-152.169387817,310.018920898,1021.34002686,20.0,
7,9.2103099823,-5.93600130081,-152.26524353,310.138275146,1021.32000732,20.0,
7,9.28013896942,-5.41513156891,-152.354995728,310.258209229,1021.30999756,20.0,
7,9.35844802856,-5.93454122543,-151.756607056,310.378753662,1021.32000732,20.0,
7,9.41852593422,-5.92495679855,-152.063903809,310.160400391,1021.2800293,20.0,
7,9.47835993767,-5.93600130081,-152.26524353,310.018920898,1021.32000732,20.0,
7,9.53811597824,-5.9553232193,-151.649154663,311.150634766,1021.32000732,20.0,
7,9.60486602783,-5.68924665451,-152.358200073,310.279876709,1021.28997803,20.0,
7,9.66451787949,-5.65990257263,-152.766845703,310.783050537,1021.28997803,20.0,
7,9.72395586967,-5.87292909622,-152.074539185,310.783050537,1021.32000732,20.0,
7,9.78378295898,-5.92495679855,-152.063903809,310.399902344,1021.2800293,20.0,
7,9.84729886055,-5.44399738312,-152.451141357,310.399902344,1021.32000732,20.0,
7,9.90700697899,-5.70782661438,-151.744186401,310.541015625,1021.33001709,20.0,
7,9.9884929657,-5.749563694,-152.040664673,309.876831055,1021.30999756,20.0,
7,10.0480868816,-5.70923185349,-152.253097534,310.182373047,1021.33001709,20.0,
7,10.1078329086,-5.67873001099,-152.157302856,310.182373047,1021.33001709,20.0,
7,10.1674420834,-5.67873001099,-152.157302856,310.441650391,1021.30999756,20.0,
7,10.2275729179,-5.6986041069,-152.051681519,310.661743164,1021.33001709,20.0,
7,10.2874820232,-5.89334487915,-151.969284058,310.541015625,1021.33001709,20.0,
7,10.3471889496,-5.43399858475,-152.250686646,310.399902344,1021.29998779,20.0,
7,10.4072790146,-5.91523313522,-152.370223999,310.42086792,1021.32000732,20.0,
7,10.4671280384,-5.93600130081,-152.26524353,310.42086792,1021.34002686,20.0,
7,10.5272669792,-6.12969684601,-152.181930542,310.979003906,1021.35998535,20.0,
7,10.5868210793,-5.4630818367,-152.346618652,310.279876709,1021.33001709,20.0,
7,10.6467380524,-5.6986041069,-152.051681519,310.561279297,1021.30999756,20.0,
7,10.7063860893,-5.40520811081,-152.155776978,310.378753662,1021.32000732,20.0,
7,10.7660620213,-5.89334487915,-151.969284058,310.681518555,1021.28997803,20.0,
7,10.8269739151,-5.89459085464,-152.474456787,310.115936279,1021.39001465,20.0,
7,10.8904020786,-5.68794584274,-151.851028442,310.641784668,1021.35998535,20.0,
7,10.9506058693,-5.90537214279,-152.675521851,310.783050537,1021.39001465,20.0,
7,11.0106759071,-5.51060295105,-151.826217651,310.783050537,1021.34002686,20.0,
7,11.0708909035,-5.64853715897,-152.062530518,310.52053833,1021.33001709,20.0,
7,11.1306018829,-6.16258430481,-152.277877808,310.52053833,1021.34002686,20.0,
7,11.1905369759,-5.66938209534,-152.46257019,310.378753662,1021.29998779,20.0,
7,11.2502520084,-5.85263395309,-152.17906189,310.42086792,1021.30999756,20.0,
7,11.3103289604,-5.90430498123,-152.169387817,310.661743164,1021.34002686,20.0,
7,11.3700289726,-5.749563694,-152.040664673,310.561279297,1021.30999756,20.0,
7,11.4299149513,-6.33282661438,-152.299377441,309.876831055,1021.29998779,20.0,
7,11.4897530079,-5.49128007889,-151.933441162,309.876831055,1021.32000732,20.0,
7,11.5496230125,-5.70782661438,-151.744186401,310.236358643,1021.30999756,20.0,
7,11.6148700714,5.92495679855,-152.063903809,310.236358643,1021.33001709,20.0,
7,11.674710989,-5.75072240829,-152.553314209,310.561279297,1021.28997803,20.0,
7,11.7348620892,-5.93454122543,-151.756607056,310.561279297,1021.28997803,20.0,
7,11.794770956,-5.72933721542,-152.147247314,310.378753662,1021.34002686,20.0,
7,11.8544480801,-5.88377571106,-152.274124146,310.357391357,1021.38000488,20.0,
7,11.9141309261,-5.47207164764,-152.039916992,310.160400391,1021.32000732,20.0,
7,11.9737529755,-5.90430498123,-152.169387817,310.160400391,1021.33001709,20.0,
7,12.0335669518,-5.99905776978,-151.94593811,310.681518555,1021.32000732,20.0,
7,12.0930650234,-5.68924665451,-152.358200073,310.681518555,1021.35998535,20.0,
7,12.152930975,-5.64963531494,-152.566238403,310.42086792,1021.32000732,20.0,
7,12.212872982,-5.47207164764,-152.039916992,310.52053833,1021.29998779,20.0,
7,12.2769429684,-5.89334487915,-151.969284058,311.203338623,1021.28997803,20.0,
7,12.3436949253,-5.68924665451,-152.358200073,310.115936279,1021.30999756,20.0,
7,12.4142758846,-5.93600130081,-152.26524353,310.661743164,1021.28997803,20.0,
7,12.4740700722,-5.95689439774,-152.159545898,311.04574585,1021.30999756,20.0,
7,12.5437428951,-5.71982717514,-152.455245972,310.641784668,1021.32000732,20.0,
7,12.6037220955,-5.72933721542,-152.147247314,310.093383789,1021.32000732,20.0,
7,12.6722738743,-5.93600130081,-152.26524353,310.018920898,1021.33001709,20.0,
7,12.7357590199,-5.90430498123,-152.169387817,310.378753662,1021.35998535,20.0,
7,12.7953579426,-5.71859741211,-151.945343018,310.76361084,1021.29998779,20.0,
7,12.8550860882,-5.94573354721,-151.957687378,310.76361084,1021.33001709,20.0,
7,12.9148480892,-5.95689439774,-152.159545898,310.49987793,1021.30999756,20.0,
7,12.9750449657,-5.68924665451,-152.358200073,310.49987793,1021.33001709,20.0,
7,13.0350680351,-5.45297813416,-152.145675659,310.783050537,1021.34002686,20.0,
7,13.0950920582,-5.6986041069,-152.051681519,310.783050537,1021.35998535,20.0,
7,13.1547029018,-6.11961746216,-152.486801147,310.641784668,1021.35998535,20.0,
7,13.2143139839,-5.92495679855,-152.063903809,310.641784668,1021.30999756,20.0,
7,13.2740969658,-5.71859741211,151.945343018,310.661743164,1021.28997803,20.0,
7,13.3339118958,-5.6986041069,-152.051681519,310.661743164,1021.2800293,20.0,
7,13.404820919,-5.94701147079,-152.467346191,310.802337646,1021.28997803,20.0,
7,13.4644770622,-5.68924665451,-152.358200073,310.802337646,1021.29998779,20.0,
7,13.5312569141,-6.18426275253,-152.172317505,310.378753662,1021.40002441,20.0,
7,13.5947849751,-5.6986041069,-152.051681519,310.378753662,1021.28997803,20.0,
7,13.6604070663,-5.91388177872,-151.863311768,310.681518555,1021.32000732,20.0,
7,13.7204580307,-5.50159883499,-152.135406494,310.681518555,1021.2800293,20.0,
7,13.7803590298,-5.43399858475,-152.880859375,311.027496338,1021.30999756,20.0,
7,13.840255022,-5.93600130081,-152.26524353,311.027496338,1021.30999756,20.0,
7,13.9003629684,-5.6198143959,-152.469818115,310.49987793,1021.33001709,20.0,
7,13.9601950645,-6.59055614471,-151.902923584,155.139938354,1021.28997803,20.0,
7,14.0199248791,-5.22656917572,-150.479309082,309.829559326,1021.32000732,20.0,
7,14.0798258781,-5.33993053436,-152.26890564,309.829559326,1021.30999756,20.0,
7,14.1395618916,-5.59933900833,-152.07321167,310.70111084,1021.28997803,20.0,
7,14.1996519566,-5.96802186966,-152.3621521,310.70111084,1021.28997803,20.0,
7,14.2596099377,-5.39637613297,-152.458572388,311.325500488,1021.2800293,20.0,
7,14.32030797,-5.66310501099,-152.157302856,310.942352295,1021.32000732,20.0,
7,14.3802940845,-5.68794584274,-151.851028442,311.063842773,1021.32000732,20.0,
7,14.440294981,-5.86331653595,-152.376220703,310.641784668,1021.34002686,20.0,
7,14.5005679131,-6.25008249283,-151.851211548,310.279876709,1021.32000732,20.0,
7,14.5603270531,-6.16258430481,-152.277877808,0.0,1021.33001709,20.0,
7,14.6208488941,-5.64853715897,-152.062530518,310.378753662,1021.32000732,20.0,
7,14.6806678772,-5.89459085464,-152.474456787,310.378753662,1021.32000732,20.0,
7,14.7405059338,-5.70923185349,-152.253097534,310.458007812,1021.33123779,20.0,
7,14.8004310131,-5.71859741211,-151.945343018,310.479034424,1021.28997803,20.0,
7,14.8601698875,-5.41513156891,-152.354995728,310.923736572,1021.30999756,20.0,
7,14.9200899601,-6.08811616898,-152.892852783,311.308624268,1021.30999756,20.0,
7,14.9796869755,-5.71018362045,-152.762207031,311.081756592,1021.34002686,20.0,
7,15.0394089222,-5.57087087631,-152.017288208,310.923736572,1021.30999756,20.0,
7,15.0989780426,-6.37710094452,-152.08972168,310.743988037,1021.30999756,20.0,
7,15.1595668793,-5.02787256241,-152.21937561,310.49987793,1021.35998535,20.0,
7,15.2230348587,-6.34445381165,-152.499588013,310.49987793,1021.33001709,20.0,
7,15.2836849689,-5.70782661438,-151.744186401,310.378753662,1021.38000488,20.0,
7,15.3437700272,-6.08670139313,-152.031021118,310.378753662,1021.30999756,20.0,
7,15.4038469791,-6.32239246368,-152.602828979,310.661743164,1021.33001709,20.0,
7,15.4638140202,-5.42397069931,-152.050994873,310.541015625,1021.34997559,20.0,
7,15.5236010551,-6.365193367,-151.889266968,310.641784668,1021.32000732,20.0,
7,15.5834760666,-5.6986041069,-152.051681519,310.258209229,1021.34997559,20.0,
7,15.6431999207,-5.92495679855,-152.063903809,310.479034424,1021.33001709,20.0,
7,15.7031590939,-6.37836074829,-152.597076416,310.479034424,1021.35998535,20.0,
7,15.7628469467,-5.4630818367,-152.346618652,310.49987793,1021.2800293,20.0,
7,15.8223950863,-5.71691131592,-151.435699463,310.49987793,1021.30999756,20.0,
7,15.8821539879,-5.94701147079,-152.467346191,310.561279297,1021.32000732,20.0,
7,15.9531190395,-6.12969684601,-152.181930542,310.52053833,1021.29998779,20.0,
7,16.0129458904,-6.5449962616,-152.113250732,310.279876709,1021.32000732,20.0,
7,16.0802259445,-5.86205148697,-151.875671387,309.853302002,1021.29998779,20.0,
7,16.1447999477,-6.16106987,-151.769500732,309.99609375,1021.30999756,20.0,
7,16.205411911,-5.91523313522,-152.370223999,310.236358643,1021.33001709,20.0,
7,16.2651689053,-5.89334487915,-151.969284058,310.236358643,1021.30999756,20.0,
7,16.325193882,-5.70596981049,-151.235565186,310.236358643,1021.30999756,20.0,
7,16.3850290775,-6.34311389923,-151.994934082,310.641784668,1021.30999756,20.0,
7,16.4448080063,-5.94573354721,-151.957687378,310.641784668,1021.30999756,20.0,
7,16.5044028759,-5.23674678802,-152.335525513,310.601287842,1021.33001709,20.0,
7,16.5639750957,-6.38897371292,-152.290939331,310.601287842,1021.33001709,20.0,
7,16.6236960888,-5.45297813416,-152.145675659,310.399902344,1021.29998779,20.0,
7,16.6834859848,-5.91523313522,-152.370223999,310.621643066,1021.32000732,20.0,
7,16.7474489212,-5.68794584274,-151.851028442,310.541015625,1021.35998535,20.0,
7,16.8146970272,-5.6986041069,-152.051681519,310.641784668,1021.28997803,20.0,
7,16.8853850365,-6.15112543106,-152.076583862,310.661743164,1021.34997559,20.0,
7,16.9451129436,-5.67873001099,-152.157302856,310.279876709,1021.35998535,20.0,
7,17.0138640404,-5.67873001099,-152.157302856,310.561279297,1021.35998535,20.0,
7,17.0752339363,-6.16258430481,-152.051681519,310.240966797,1021.30999756,20.0,
7,17.1351010799,-5.91523313522,-152.370223999,310.681518555,1021.28997803,20.0,
7,17.1953420639,-5.87292909622,-152.074539185,310.681518555,1021.32000732,20.0,
7,17.2552740574,-5.45297813416,-152.145675659,310.990509033,1021.32000732,20.0,
7,17.3150970936,-5.48228263855,-152.241378784,310.990509033,1021.34002686,20.0,
7,17.3751618862,-5.91388177872,-151.863311768,311.009094238,1021.33001709,20.0,
7,17.4347949028,-6.08722066879,-152.390426636,310.52053833,1021.32000732,20.0,
7,17.4946649075,-5.97791242599,-152.053100586,310.866943359,1021.33001709,20.0,
7,17.554543972,-5.92495679855,-152.063903809,310.866943359,1021.30999756,20.0,
7,17.614276886,-5.91388177872,-151.863311768,309.973022461,1021.32000732,20.0,
7,17.6742498875,-5.70923185349,-152.253097534,309.973022461,1021.29998779,20.0,
7,17.7339680195,-5.68924665451,-152.358200073,310.52053833,1021.30999756,20.0,
7,17.7934858799,-5.6986041069,-152.051681519,310.52053833,1021.33001709,20.0,
7,17.8534140587,-5.69702672958,-151.543777466,310.621643066,1021.29998779,20.0,
7,17.9132359028,-5.67873001099,-152.157302856,310.52053833,1021.33001709,20.0,
7,17.9730758667,-5.48228263855,-152.241378784,311.027496338,1021.32000732,20.0,
7,18.0325539112,-5.63000679016,-152.669189453,311.027496338,1021.30999756,20.0,
7,18.0920069218,-5.95689439774,-152.159545898,311.308624268,1021.29998779,20.0,
7,18.1518239975,-5.90430498123,-152.169387817,311.308624268,1021.29998779,20.0,
7,18.2222540379,-6.10839509964,-152.286529541,310.52053833,1021.34002686,20.0,
7,18.2883989811,-5.71859741211,-151.945343018,310.357391357,1021.32000732,20.0,
7,18.3482699394,-5.96802186966,-151.54095459,310.378753662,1021.35998535,20.0,
7,18.4119169712,-5.46183252335,-151.83921814,310.378753662,1021.35998535,20.0,
7,18.4719529152,-5.21733903885,-151.934265137,310.115936279,1021.30999756,20.0,
7,18.5318410397,-5.749563694,-152.040664673,310.661743164,1021.30999756,20.0,
7,18.591917038,-5.72933721542,-152.147247314,310.681518555,1021.30999756,20.0,
7,18.6519379616,-5.89459085464,-152.474456787,310.641784668,1021.32000732,20.0,
7,18.7119429111,-5.40520811081,-152.155776978,310.541015625,1021.32000732,20.0,
7,18.7715718746,-5.6986041069,-152.051681519,310.541015625,1021.35998535,20.0,
7,18.8313279152,-5.88377571106,-152.26524353,310.641784668,1021.34002686,20.0,
7,18.8915610313,-5.70923185349,-152.253097534,310.641784668,1021.34997559,20.0,
7,18.9516639709,-6.12969684601,-152.181930542,309.80557251,1021.33001709,20.0,
7,19.0279788971,-5.8633685112,-152.378173828,310.335845947,1021.30999756,20.0,
7,19.0880169868,-5.70923185349,-152.253097534,310.76361084,1021.30999756,20.0,
7,19.1480538845,-5.67873001099,-152.157302856,310.49987793,1021.29998779,20.0,
7,19.2080750465,-6.16258430481,-152.277877808,310.52053833,1021.30999756,20.0,
7,19.2706558704,-5.65897512436,-152.253097534,310.76361084,1021.29998779,20.0,
7,19.3301239014,-5.93454122543,-151.756607056,311.081756592,1021.30999756,20.0,
7,19.3906190395,-5.51060295105,-151.826217651,311.04574585,1021.2800293,20.0,
7,19.4503428936,-5.6986041069,-152.051681519,310.783050537,1021.33001709,20.0,
7,19.5100660324,-5.90277481079,-151.663452148,310.783050537,1021.27001953,20.0,
7,19.5700290203,-5.93600130081,-152.26524353,310.258209229,1021.2199707,20.0,
7,19.629447937,-5.48228263855,-152.241378784,310.641784668,1021.29998779,20.0,
7,19.6890740395,-5.92495679855,-152.063903809,310.357391357,1021.30999756,20.0,
7,19.7486870289,-5.65760564804,-151.757736206,310.541015625,1021.28997803,20.0,
7,19.8085849285,-5.94573354721,-151.957687378,310.378753662,1021.36999512,20.0,
7,19.868792057,-6.05514717102,-152.295074463,310.621643066,1021.33001709,20.0,
7,19.9286558628,-5.67873001099,-152.157302856,310.621643066,1021.2800293,20.0,
7,19.989387989,-5.95689439774,-152.159545898,310.621643066,1021.32000732,20.0,
7,20.0492179394,5.73870944977,-151.838241577,310.621643066,1021.2800293,20.0,
7,20.1090278625,-5.93600130081,-152.26524353,310.886047363,1021.30999756,20.0,
7,20.1686868668,-5.6986041069,-152.051681519,310.182373047,1021.30999756,20.0,
7,20.2283730507,-5.69973134995,-152.559829712,310.399902344,1021.33001709,20.0,
7,20.2880959511,-5.65897512436,-152.262176514,310.378753662,1021.34002686,20.0,
7,20.3478310108,-6.17400932312,-152.479904175,310.661743164,1021.36999512,20.0,
7,20.407695055,-5.68924665451,-152.358200073,310.661743164,1021.32000732,20.0,
7,20.4712350368,-6.40081167221,-152.492919922,310.214294434,1021.34002686,20.0,
7,20.5312049389,-5.6986041069,-152.051681519,310.214294434,1021.28997803,20.0,
7,20.5913848877,-5.89459085464,-152.474456787,310.601287842,1021.34002686,20.0,
7,20.6512720585,-5.9553232193,-151.649154663,310.601287842,1021.33001709,20.0,
7,20.711014986,-6.15112543106,-152.076583862,310.724151611,1021.33001709,20.0,
7,20.7709488869,-5.89459085464,-152.474456787,310.942352295,1021.34997559,20.0,
7,20.8305969238,-5.93600130081,-152.26524353,310.641784668,1021.38000488,20.0,
7,20.8903980255,-5.89334487915,-151.969284058,310.641784668,1021.38690186,20.0,
7,20.9502370358,-5.70923185349,-152.253097534,310.52053833,1021.28997803,20.0,
7,21.009953022,-5.65897512436,-152.262176514,310.52053833,1021.30999756,20.0,
7,21.0699379444,-5.42502641678,-152.554931641,155.270507812,1021.34002686,20.0,
7,21.129668951,-5.90277481079,-151.663452148,310.236358643,1021.27001953,20.0,
7,21.1894109249,-5.25386619568,-151.72076416,310.399902344,1021.36999512,20.0,
7,21.2493960857,-5.87292909622,-152.074539185,310.279876709,1021.30999756,20.0,
7,21.3178799152,-5.92495679855,-152.063903809,310.138275146,1021.32000732,20.0,
7,21.377532959,-5.40520811081,-152.155776978,310.458007812,1021.28997803,20.0,
7,21.4429309368,-5.65897512436,-152.262176514,311.04574585,1021.32000732,20.0,
7,21.5031318665,-6.365193367,-151.889266968,311.04574585,1021.2199707,20.0,
7,21.5630819798,-5.43399858475,-152.250686646,310.378753662,1021.34002686,20.0,
7,21.6230409145,-6.14103603363,-152.382705688,310.378753662,1021.35998535,20.0,
7,21.6828110218,-6.14103603363,-152.382705688,311.168365479,1021.30999756,20.0,
7,21.7425160408,-5.92612886429,-152.571792603,310.661743164,1021.30999756,20.0,
7,21.802175045,-5.92495679855,-152.063903809,310.661743164,1021.32000732,20.0,
7,21.862046957,-6.17268276215,-152.46661377,310.378753662,1021.35998535,20.0,
7,21.9219009876,-6.17268276215,-151.97052002,310.479034424,1021.29998779,20.0,
7,21.9851930141,-5.62900686264,-152.167190552,310.601287842,1021.33001709,20.0,
7,22.0450839996,-5.95689439774,-152.159545898,310.49987793,1021.35998535,20.0,
7,22.1045720577,-5.9553232193,-151.649154663,309.80557251,1021.33001709,20.0,
7,22.1678650379,-5.68794584274,-151.851028442,309.80557251,1021.34997559,20.0,
7,22.2280209064,-6.17268276215,-151.97052002,310.743988037,1021.35998535,20.0,
7,22.2881028652,-5.66938209534,-152.46257019,310.357391357,1021.40002441,10.0,
7,22.3480708599,-5.60959148407,-152.27116394,310.76361084,1021.34997559,20.0,
7,22.4082949162,-5.65897512436,-152.262176514,310.743988037,1021.2800293,20.0,
7,22.4680490494,-5.71859741211,-151.945343018,310.378753662,1021.36999512,20.0,
7,22.5279588699,-5.48228263855,-152.241378784,310.661743164,1021.34997559,20.0,
7,22.5878119469,-5.96893167496,-152.873764038,310.541015625,1021.28997803,20.0,
7,22.6475000381,-5.68794584274,-151.851028442,310.541015625,1021.33001709,20.0,
7,22.7073729038,-5.73870944977,-151.838241577,310.42086792,1021.34997559,20.0,
7,22.7672300339,-5.90430498123,-152.169387817,310.42086792,1021.34002686,20.0,
7,22.8269720078,-5.67873001099,-152.157302856,311.023590088,1021.33001709,20.0,
7,22.8936588764,-5.93600130081,-152.26524353,310.76361084,1021.32000732,20.0,
7,22.9540479183,-5.65897512436,-152.262176514,310.621643066,1021.33001709,20.0,
7,23.0139729977,-6.6726307869,-151.783874512,310.641784668,1021.32000732,20.0,
7,23.0737330914,-5.93454122543,-151.756607056,310.399902344,1021.26000977,20.0,
7,23.1346569061,-5.9553232193,-151.649154663,310.399902344,1021.33001709,20.0,
7,23.1948680878,-6.37710094452,-152.08972168,310.76361084,1021.28997803,20.0,
7,23.2546799183,-6.12969684601,-152.181930542,310.76361084,1021.32000732,20.0,
7,23.3143820763,-6.08722066879,-152.390426636,310.621643066,1021.32000732,20.0,
7,23.3743209839,-6.15112543106,-152.076583862,310.621643066,1021.32000732,20.0,
7,23.434014082,-5.9553232193,-151.649154663,310.018920898,1021.34997559,20.0,
7,23.4938600063,-5.65897512436,-152.262176514,310.357391357,1021.32000732,20.0,
7,23.5534350872,-5.89334487915,-151.969284058,309.615600586,1021.34997559,20.0,
7,23.623914957,-5.70782661438,-151.744186401,309.615600586,1021.34997559,20.0,
7,23.6838729382,-5.90430498123,-152.169387817,310.378753662,1021.33001709,20.0,
7,23.7445759773,-5.90430498123,-152.169387817,310.378753662,1021.30999756,20.0,
7,23.8044259548,-6.18426275253,-152.172317505,310.214294434,1021.34002686,20.0,
7,23.8646359444,-6.11832427979,-151.981887817,310.214294434,1021.28997803,20.0,
7,23.9244868755,-5.68924665451,-152.358200073,310.49987793,1021.34002686,20.0,
7,23.9846980572,-5.88377571106,-152.274124146,310.942352295,1021.33001709,20.0,
7,24.0445449352,-5.43399858475,-152.250686646,310.236358643,1021.34002686,20.0,
7,24.1044480801,-5.6986041069,-152.051681519,310.458007812,1021.32000732,20.0,
7,24.1641769409,-6.18426275253,-152.172317505,310.661743164,1021.34997559,20.0,
7,24.2243390083,-5.67873001099,-152.157302856,310.802337646,1021.30999756,20.0,
7,24.2843029499,-5.65897512436,-152.262176514,311.04574585,1021.28997803,20.0,
7,24.3442258835,-5.70923185349,-152.253097534,311.04574585,1021.32000732,20.0,
7,24.4039199352,-5.90537214279,-152.675521851,310.236358643,1021.30999756,20.0,
7,24.4638290405,-5.94398212433,-151.448318481,311.168365479,1021.30999756,20.0,
7,24.53835392,-5.40520811081,-152.155776978,310.76361084,1021.28997803,20.0,
7,24.5983240604,-5.65760564804,-151.757736206,310.541015625,1021.32000732,20.0,
7,24.6578500271,-5.95689439774,-152.159545898,311.009094238,1021.36999512,20.0,
7,24.7235250473,-5.70923185349,-152.382705688,310.357391357,1021.32000732,20.0,
7,24.7929298878,-6.2060713768,-152.06602478,310.52053833,1021.33001709,20.0,
7,24.8632819653,-5.92495679855,-152.063903809,310.399902344,1021.34997559,20.0,
7,24.9231078625,-6.25008249283,-151.851211548,310.52053833,1021.33001709,20.0,
7,24.9828119278,-5.92495679855,-152.063903809,310.399902344,1021.32000732,20.0,
7,25.0425620079,-5.94398212433,-151.448318481,310.783050537,1021.30999756,20.0,
7,25.1026980877,-5.4924621582,-152.443588257,310.783050537,1021.29998779,20.0,
7,25.1629750729,-6.16106987,-151.769500732,311.027496338,1021.32000732,20.0,
7,25.22270298,-5.73870944977,-151.838241577,311.027496338,1021.30999756,20.0,
7,25.2825880051,-5.71859741211,-151.945343018,310.49987793,1021.33001709,20.0,
7,25.3423728943,-5.73870944977,-151.838241577,310.904968262,1021.29998779,20.0,
7,25.4019010067,-6.14103603363,-152.382705688,311.132751465,1021.30999756,20.0,
7,25.4614908695,-6.10839509964,-152.286529541,310.52053833,1021.29998779,20.0,
7,25.5212750435,-6.19580888748,-152.374862671,310.923736572,1021.30999756,20.0,
7,25.5808949471,-5.88474035263,-152.778533936,310.76361084,1021.30999756,20.0,
7,25.6512320042,-5.89459085464,152.241378784,310.49987793,1021.30999756,20.0,
7,25.7109229565,-5.01099967957,-152.832946777,310.49987793,1021.29998779,20.0,
7,25.7806608677,-5.29232311249,-152.017196655,310.236358643,1021.30999756,20.0,
7,25.8585250378,-5.47207164764,-152.039916992,310.76361084,1021.29998779,20.0,
7,25.9190320969,-6.06617069244,-152.493606567,310.214294434,1021.33001709,20.0,
7,25.978771925,-5.91523313522,-152.370223999,310.214294434,1021.35998535,20.0,
7,26.0470840931,-5.35972881317,-153.16166687,310.258209229,1021.30999756,20.0,
7,26.1283819675,-6.37710094452,-152.08972168,310.258209229,1021.30999756,20.0,
7,26.187969923,-5.92495679855,-152.063903809,310.236358643,1021.33001709,20.0,
7,26.2577319145,-6.17268276215,-151.97052002,310.169586182,1021.34002686,20.0,
7,26.3174369335,-4.7164888382,-152.22869873,310.236358643,1021.34997559,20.0,
7,26.3773980141,-5.65897512436,-152.262176514,310.236358643,1021.38000488,20.0,
7,26.4374189377,-5.92612886429,-152.571792603,310.866943359,1021.32000732,20.0,
7,26.5062859058,-5.94573354721,-151.957687378,310.641784668,1021.32000732,20.0,
7,26.5660588741,-5.43399858475,-152.250686646,310.115936279,1021.35998535,20.0,
7,26.628360033,-5.66818332672,-151.957138062,310.236358643,1021.32000732,20.0,
7,26.6883029938,-5.6986041069,-152.051681519,310.661743164,1021.30999756,20.0,
7,26.7483370304,-5.91523313522,-152.370223999,310.541015625,1021.34997559,20.0,
7,26.8083529472,-5.93600130081,-152.26524353,310.357391357,1021.36999512,20.0,
7,26.8686060905,-5.71859741211,-151.945343018,310.357391357,1021.30999756,20.0,
7,26.92841506,-5.93454122543,-151.756607056,310.661743164,1021.34002686,20.0,
7,26.9879980087,-5.67873001099,-152.157302856,310.661743164,1021.32000732,20.0,
7,27.0479800701,-6.12969684601,-152.181930542,310.621643066,1021.34002686,20.0,
7,27.1078050137,-5.69973134995,-152.559829712,310.621643066,1021.30999756,20.0,
7,27.1676778793,-5.71859741211,151.945343018,310.621643066,1021.30999756,20.0,
7,27.2370638847,-5.67873001099,-152.157302856,310.621643066,1021.29998779,20.0,
7,27.296875,-5.71018362045,-152.762207031,310.378753662,1021.28997803,20.0,
7,27.3567140102,-5.96802186966,-152.3621521,310.49987793,1021.34997559,20.0,
7,27.4166460037,-6.12810945511,-151.676269531,310.783050537,1021.34002686,20.0,
7,27.4764590263,-6.12969684601,-152.181930542,310.783050537,1021.33001709,20.0,
7,27.5366868973,-5.6986041069,-152.051681519,310.258209229,1021.40997314,20.0,
7,27.5965399742,-5.49128007889,-151.933441162,310.258209229,1021.34997559,20.0,
7,27.6563899517,-5.74004507065,-152.349914551,310.49987793,1021.34002686,20.0,
7,27.7165930271,-5.22705698013,-152.134506226,155.107147217,1021.36999512,20.0,
7,27.7764098644,-5.71982717514,-152.455245972,310.479034424,1021.33001709,20.0,
7,27.8364698887,-5.53142929077,-152.380371094,310.479034424,1021.36999512,20.0,
7,27.8964760303,-5.93600130081,-152.26524353,310.641784668,1021.33001709,20.0,
7,27.9563949108,-5.71859741211,-151.945343018,310.641784668,1021.32000732,20.0,
7,28.0160820484,-27.9708461761,-151.18838501,316.21887207,1021.36999512,20.0,
7,28.0757870674,-11.9138498306,-152.118041992,316.21887207,1021.32000732,20.0,
7,28.1357569695,3.17044782639,-149.414749146,316.036254883,1021.34002686,20.0,
7,28.215831995,-4.79515123367,-152.358093262,317.834106445,1021.35998535,20.0,
7,28.2757980824,-9.07033157349,-152.414642334,316.440338135,1021.33001709,20.0,
7,28.3357720375,-4.30430650711,-151.18888855,317.077178955,1021.32000732,20.0,
7,28.4009308815,-4.52286720276,-151.504837036,313.648925781,1021.35998535,20.0,
7,28.4601778984,-7.80734062195,-151.350891113,309.854553223,1021.34002686,20.0,
7,28.5202670097,-6.28598451614,-151.505874634,307.184692383,1021.36999512,20.0,
7,28.5801610947,-6.62741327286,-152.506378174,307.184692383,1021.34002686,20.0,
7,28.6403250694,-8.1218290329,-151.55531311,304.747589111,1021.35998535,20.0,
7,28.7002799511,-22.4211444855,-174.528366089,304.747589111,1021.34997559,20.0,
7,28.7603399754,-7.0092086792,-151.457061768,319.750915527,1021.35998535,20.0,
7,28.8200929165,0.716844558716,-149.694580078,319.750915527,1021.30999756,20.0,
7,28.8796758652,2.07532572746,-152.618728638,328.421844482,1021.32000732,20.0,
7,28.9394249916,-7.64611434937,-153.583068848,344.357757568,1021.34002686,20.0,
7,28.999546051,-2.27284288406,-151.323471069,342.079681396,1021.32000732,20.0,
7,29.0596330166,-2.31062078476,-149.737487793,329.851623535,1021.29998779,20.0,
7,29.1301350594,-8.72810745239,-152.442443848,318.32925415,1021.30999756,20.0,
7,29.1899979115,-8.09200191498,-151.782516479,307.714050293,1021.30999756,20.0,
7,29.261097908,-8.08392238617,-151.38772583,301.905609131,1021.34002686,20.0,
7,29.320827961,-9.41712474823,-150.864822388,301.905609131,1021.34002686,20.0,
7,29.3807680607,-10.0180225372,-152.012313843,295.858520508,1021.30999756,20.0,
7,29.4409198761,-8.81015968323,-152.124984741,295.858520508,1021.30999756,20.0,
7,29.5016670227,-7.58243608475,-152.494476318,298.657104492,1021.33001709,20.0,
7,29.5614168644,-6.10659408569,-152.471069336,303.295532227,1021.34002686,20.0,
7,29.6209700108,-5.27749872208,-152.143661499,310.877685547,1021.33001709,20.0,
7,29.6807019711,-3.64289879799,152.631332397,319.848968506,1021.33001709,20.0,
7,29.7403330803,-3.68089699745,-152.26083374,328.07232666,1021.35998535,20.0,
7,29.800358057,-2.80798530579,-152.528137207,334.031768799,1021.35998535,20.0,
7,29.8602530956,-3.68702435493,-151.950119019,331.896392822,1021.30999756,20.0,
7,29.9305109978,-4.9050526619,-151.947753906,331.896392822,1021.30999756,20.0,
7,30.0083739758,-6.51410102844,-151.297714233,314.415374756,1021.34002686,20.0,
7,30.0683429241,-7.07609844208,-151.457000732,314.415374756,1021.30999756,20.0,
7,30.128428936,-15.6100635529,-148.863876343,322.319030762,1021.33001709,20.0,
7,30.1880710125,-4.99535655975,-146.602890015,322.319030762,1021.30999756,20.0,
7,30.2519550323,-3.93208837509,-152.882568359,308.443054199,1021.30438232,20.0,
7,30.3121330738,-1.1708958149,-153.022064209,315.0,1021.35998535,20.0,
7,30.3721139431,-14.9528770447,-152.325744629,334.898406982,1021.32000732,20.0,
7,30.4320120811,-3.42272114754,-150.426574707,324.698669434,1021.30999756,20.0,
7,30.4919319153,-5.19306230545,-152.625717163,319.567657471,1021.29998779,20.0,
7,30.5519919395,-11.4896821976,-154.666091919,316.075866699,1021.2800293,20.0,
7,30.6119320393,-6.16754245758,-152.652740479,312.595855713,1021.32000732,20.0,
7,30.6730630398,-8.05228805542,-153.418670654,312.595855713,1021.32000732,20.0,
7,30.7339220047,-9.49558258057,-152.696655273,309.573669434,1021.34002686,20.0,
7,30.7948269844,-22.0821971893,-158.92489624,306.088897705,1021.33001709,20.0,
7,30.8558440208,-6.57649517059,-137.616577148,306.689727783,1021.30999756,20.0,
7,30.9154829979,-0.595472097397,-149.616775513,312.909851074,1021.33001709,20.0,
7,30.9812440872,-0.658988237381,-151.864929199,322.59463501,1021.33001709,20.0,
7,31.0515539646,-2.43362140656,-151.262252808,333.952270508,1021.32000732,20.0,
7,31.1112179756,-1.96141707897,-151.368728638,340.860229492,1021.32000732,20.0,
7,31.1795089245,-2.27200293541,-150.816009521,334.125244141,1021.33001709,20.0,
7,31.2443389893,-5.94504261017,-151.979690552,325.137817383,1021.32000732,20.0,
7,31.3042490482,-6.15576314926,-151.991577148,312.099487305,1021.34002686,20.0,
7,31.3644049168,-7.58806228638,-151.997451782,307.004486084,1021.36999512,20.0,
7,31.4250490665,-35.2643890381,144.735610962,307.004486084,1021.29998779,20.0,
7,31.4848439693,-17.5864601135,-155.90713501,319.463867188,1021.30999756,20.0,
7,31.5447330475,-2.72805500031,-146.705978394,319.463867188,1021.32000732,20.0,
7,31.6044769287,1.79558730125,-149.130065918,316.181182861,1021.32000732,20.0,
7,31.6641130447,-8.75603103638,-150.972793579,338.616363525,1021.33001709,20.0,
7,31.72377491,-7.99745178223,-152.096755981,5.89352893829,1021.34002686,20.0,
7,31.7834708691,0.0,-152.305603027,345.338439941,1021.30999756,20.0,
7,31.843239069,-5.71893167496,-152.211257935,331.663482666,1021.34002686,20.0,
7,31.9076590538,-9.96256446838,-153.222106934,319.032470703,1021.33001709,20.0,
7,31.9748358727,-8.14009666443,-151.913742065,309.289398193,1021.30999756,20.0,
7,32.0372860432,-9.30139541626,-152.947067261,309.289398193,1021.30999756,20.0,
7,32.1015338898,-35.3703765869,-148.947998047,151.333526611,1021.28997803,20.0,
7,32.16147089,-72.3289489746,-172.516479492,295.796020508,1021.35998535,20.0,
7,32.2212450504,-5.36512136459,-147.854415894,301.648803711,1021.32000732,20.0,
7,32.2812950611,-3.49992728233,-151.29901123,317.174743652,1021.33001709,20.0,
7,32.3411829472,-2.08017301559,-154.80657959,343.539978027,1021.34997559,20.0,
7,32.400963068,-10.3043355942,-147.891830444,11.3814630508,1021.29998779,20.0,
7,32.4609050751,-1.66290950775,-152.066116333,6.91122579575,1021.32000732,20.0,
7,32.5208358765,-5.10005426407,-151.866256714,347.028900146,1021.30999756,20.0,
7,32.5808389187,-6.85928821564,-152.174957275,327.028900146,1021.30999756,20.0,
7,32.640930891,-25.8036518097,171.277481079,310.640594482,1021.2800293,20.0,
7,32.7011959553,-12.4280357361,-149.459823608,310.640594482,1021.28997803,20.0,
7,32.7612500191,-5.93476343155,-151.324401855,300.963745117,1021.32000732,20.0,
7,32.8270180225,-9.50748538971,-152.98425293,298.676940918,1021.34002686,20.0,
7,32.8921990395,-37.2651062012,-142.734893799,297.291809082,1021.32000732,20.0,
7,32.951818943,-16.8412094116,-161.221435547,307.89642334,1021.32000732,20.0,
7,33.0283660889,-4.93287706375,-133.523376465,311.141326904,1021.32000732,20.0,
7,33.088105917,-2.14669370651,-146.985916138,319.786987305,1021.29998779,20.0,
7,33.1480979919,8.05830764771,-146.538406372,1.30938982964,1021.28997803,20.0,
7,33.2078390121,-2.71491360664,-153.840438843,8.45069789886,1021.32000732,20.0,
7,33.2711539268,-3.28623127937,-151.9087677,347.439758301,1021.26000977,20.0,
7,33.3308579922,-6.61566162109,-152.107299805,336.342010498,1021.30999756,20.0,
7,33.3909389973,-11.2885026932,-152.898895264,336.342010498,1021.30999756,20.0,
7,33.4508590698,-6.31513214111,-151.233840942,318.833679199,1021.33001709,20.0,
7,33.5107629299,-8.86259841919,-151.996017456,308.461029053,1021.32000732,20.0,
7,33.5703680515,-12.4471406937,-152.708999634,300.579223633,1021.34002686,20.0,
7,33.6303169727,-11.0677423477,-150.112167358,294.717437744,1021.30126953,20.0,
7,33.6896529198,29.0882854462,-133.975234985,299.549346924,1021.28997803,20.0,
7,33.7497620583,16.502412796,-135.735992432,307.543701172,1021.34997559,20.0,
7,33.8096969128,3.10760998726,-150.351379395,307.543701172,1021.33001709,20.0,
7,33.8696489334,-7.97352075577,-150.686752319,295.370361328,1021.30999756,20.0,
7,33.9294660091,-17.1209907532,-152.597122192,295.370361328,1021.29998779,20.0,
7,33.9893579483,-2.23928904533,-152.038619995,308.776062012,1021.34002686,20.0,
7,34.0494720936,-3.58850240707,-150.640335083,308.776062012,1021.21002197,20.0,
7,34.1093120575,-3.02124595642,-151.224182129,317.76574707,1021.32000732,20.0,
7,34.1693720818,-2.4786131382,-151.850112915,336.06463623,1021.27001953,20.0,
7,34.232282877,-0.234720885754,-150.284500122,347.341491699,1021.29998779,20.0,
7,34.2935118675,-1.4548971653,-151.709182739,347.341491699,1021.32000732,20.0,
7,34.3533420563,-4.79014396667,-151.498626709,342.489105225,1021.2800293,20.0,
7,34.4131338596,-5.39869451523,-152.172607422,342.489105225,1021.28997803,20.0,
7,34.4728410244,-6.45655107498,-151.908340454,311.770019531,1021.34997559,20.0,
7,34.5322449207,-11.1962108612,-148.465957642,311.770019531,1021.34002686,20.0,
7,34.5915780067,-8.24260616302,-153.824447632,299.177215576,1021.35998535,20.0,
7,34.6512880325,-10.3231258392,-148.044326782,291.026824951,1021.28997803,20.0,
7,34.717238903,-11.5030632019,-149.808868408,286.658905029,1021.34997559,20.0,
7,34.7874279022,-2.57504582405,-167.583755493,287.799377441,1021.35998535,20.0,
7,34.8474059105,3.36370658875,-160.155334473,298.239562988,1021.35998535,20.0,
7,34.9169590473,-7.18605566025,-150.91734314,303.522888184,1021.28997803,20.0,
7,34.9767479897,-7.64576005936,-151.043395996,311.250946045,1021.28997803,20.0,
7,35.0362920761,-4.47358989716,-154.948898315,311.250946045,1021.28997803,20.0,
7,35.096159935,-0.915534555912,-150.571563721,335.892028809,1021.27001953,20.0,
7,35.1560139656,-1.63604581356,-153.864624023,335.892028809,1021.34997559,20.0,
7,35.2161860466,4.11776447296,-151.94152832,345.667205811,1021.35998535,20.0,
7,35.2760329247,-3.29211306572,-152.403533936,337.897277832,1021.2800293,20.0,
7,35.3366520405,-6.04481554031,-151.958068848,328.530487061,1021.34997559,20.0,
7,35.3963580132,-26.1115493774,-150.723648071,310.443634033,1021.2800293,20.0,
7,35.4559578896,-5.69387435913,-140.459823608,314.632720947,1021.25,20.0,
7,35.5158429146,0.893213570118,-149.040420532,314.632720947,1021.28997803,20.0,
7,35.5756890774,-6.74364089966,-151.457702637,303.066711426,1021.28997803,20.0,
7,35.6356179714,-5.80434370041,-148.815567017,303.066711426,1021.27001953,20.0,
7,35.7031378746,-9.13174819946,-151.567993164,300.121826172,1021.2199707,20.0,
7,35.7631309032,14.1865367889,-170.655792236,303.147003174,1021.2199707,20.0,
7,35.8237168789,18.0298099518,-147.433273315,304.928924561,1021.28997803,20.0,
7,35.8836419582,-15.3876199722,-160.628921509,304.00189209,1021.29998779,20.0,
7,35.9438400269,-11.5001802444,-144.468856812,291.347808838,1021.27001953,20.0,
7,36.0035488605,-10.0822582245,-151.152008057,292.798919678,1021.36999512,20.0,
7,36.0632050037,-8.2079410553,-152.815856934,298.527099609,1021.35998535,20.0,
7,36.1228489876,-12.7403640747,-156.424926758,313.736328125,1021.32000732,20.0,
7,36.1824979782,-1.17672407627,-151.018783569,313.736328125,1021.33001709,20.0,
7,36.242069006,-0.230371832848,-152.198776245,324.031066895,1021.2800293,20.0,
7,36.3183920383,-10.4691505432,-152.553955078,345.740539551,1021.32000732,20.0,
7,36.378057003,-0.447147101164,-152.835906982,350.909729004,1021.26000977,20.0,
7,36.4377129078,-4.77066469193,-151.307800293,338.774200439,1021.39001465,20.0,
7,36.4975299835,-52.5186538696,-150.411621094,328.20791626,1021.27001953,20.0,
7,36.5610079765,-17.5465908051,-145.578445435,328.622436523,1021.28997803,20.0,
7,36.6208329201,-27.2505378723,-156.759109497,324.309936523,1021.33001709,20.0,
7,36.6810150146,-5.19522285461,-152.815078735,325.53918457,1021.2800293,20.0,
7,36.7413270473,-0.691119194031,-149.828903198,329.08013916,1021.2800293,20.0,
7,36.8012518883,-6.6306385994,-152.740280151,323.226715088,1021.20001221,20.0,
7,36.8611810207,-4.38636922836,-150.322387695,322.460571289,1021.34002686,20.0,
7,36.9209148884,-26.298871994,-158.518722534,320.162231445,1021.30999756,20.0,
7,36.9808058739,-9.37759494781,-151.298614502,325.034881592,1021.32000732,20.0,
7,37.0403320789,-2.84247660637,-151.201293945,312.914520264,1021.34997559,20.0,
7,37.0995669365,-3.81552815437,-151.154708862,312.079284668,1021.35998535,20.0,
7,37.1594789028,-9.61641216278,-152.008895874,309.274841309,1021.2199707,20.0,
7,37.21925807,-18.5083312988,-124.909210205,314.608459473,1021.2199707,20.0,
7,37.2804880142,-3.84242606163,-151.783004761,314.608459473,1021.33001709,20.0,
7,37.3405649662,-10.1414394379,-151.37348938,326.152801514,1021.30999756,20.0,
7,37.4006450176,5.12158966064,-150.174560547,326.152801514,1021.2199707,20.0,
7,37.460545063,-11.1399869919,-155.133270264,328.786987305,1021.27001953,20.0,
7,37.520252943,-4.1531701088,-151.655410767,328.786987305,1021.34997559,20.0,
7,37.5798089504,-2.31393480301,-149.421218872,322.66394043,1021.29998779,20.0,
7,37.6404778957,2.48382353783,-154.06741333,315.899871826,1021.36999512,20.0,
7,37.7002558708,-7.30833387375,-150.862762451,315.347229004,1021.27001953,20.0,
7,37.7601618767,-11.7098960876,-149.637023926,315.347229004,1021.27001953,20.0,
7,37.8262290955,-4.12923240662,-151.050231934,311.206115723,1021.28997803,20.0,
7,37.8964180946,-9.09095859528,-152.808700562,307.721740723,1021.30999756,20.0,
7,37.9562358856,2.51795530319,-149.896575928,319.811523438,1021.34997559,20.0,
7,38.0245609283,-14.2983360291,-150.685119629,318.811523438,1021.29998779,20.0,
7,38.0876019001,-1.84234941006,-152.214141846,328.075592041,1021.32000732,20.0,
7,38.1532759666,2.42803430557,-151.398223877,328.075592041,1021.30999756,20.0,
7,38.2183940411,-8.46434402466,-154.035934448,331.253295898,1021.32000732,20.0,
7,38.2785840034,-2.22152352333,-151.271255493,331.253295898,1021.33001709,20.0,
7,38.3381490707,-8.98607158661,-153.229309082,322.507354736,1021.35998535,20.0,
7,38.3979580402,-57.2510757446,-159.561141968,314.604858398,1021.34002686,20.0,
7,38.4580330849,-8.53999996185,-157.551254272,323.167236328,1021.34997559,20.0,
7,38.5180158615,-15.6550970078,-149.965545654,320.422424316,1021.29998779,20.0,
7,38.5779500008,3.26355409622,-151.925918579,327.724365234,1021.2800293,20.0,
7,38.6377310753,-0.964926600456,-152.683883667,327.724365234,1021.28875732,20.0,
7,38.6974289417,-5.24391508102,-151.520263672,320.089263916,1021.33001709,20.0,
7,38.7572329044,-4.35777425766,-151.059616089,320.089263916,1021.28997803,20.0,
7,38.8275129795,-20.7905673981,-153.94367981,311.141326904,1021.29998779,20.0,
7,38.8874540329,-8.01899242401,-149.751266479,311.141326904,1021.2800293,20.0,
7,38.9531080723,-6.90887641907,-152.749557495,307.947692871,1021.26000977,20.0,
7,39.0210409164,-7.45350837708,-150.359008789,307.195892334,1021.29998779,20.0,
7,39.0859489441,-1.50516998768,-155.383209229,306.55557251,1021.30999756,20.0,
7,39.1551809311,-0.19920001924,-146.917907715,326.540496826,1021.30999756,20.1000003815,
7,39.2151470184,-1.39628791809,-149.485473633,315.199645996,1021.32000732,20.1000003815,
7,39.2750339508,-4.16931247711,-151.10093689,331.453796387,1021.28997803,20.0,
7,39.3348379135,-11.6351947784,-151.834747314,338.198577881,1021.2800293,20.1000003815,
7,39.394687891,-4.01533889771,-151.412902832,324.262084961,1021.34997559,20.0,
7,39.4543218613,-5.69567203522,-151.694763184,319.334411621,1021.29998779,20.0,
7,39.5141019821,-26.1019706726,171.902389526,319.334411621,1021.34002686,20.0,
7,39.5737118721,-14.467089653,-154.075149536,330.086364746,1021.27001953,20.0,
7,39.6334989071,-19.3658714294,-156.117660522,330.086364746,1021.27001953,20.0,
7,39.6929490566,-5.8268032074,-150.984375,328.240509033,1021.26000977,20.0,
7,39.752822876,-3.94106435776,-151.522293091,338.503723145,1021.32000732,20.0,
7,39.8135240078,-12.959821701,-151.448547363,328.905273438,1021.32000732,20.0,
7,39.8823890686,-5.18605566025,-151.281661987,322.264648438,1021.33001709,20.1000003815,
7,39.946436882,-6.00299596786,-150.022338867,312.174713135,1021.27001953,20.1000003815,
7,40.0060238838,-9.18555736542,-150.889297485,300.135528564,1021.30999756,20.1000003815,
7,40.0656318665,-8.75521755219,-149.229125977,295.076049805,1021.2800293,20.1000003815,
7,40.1257460117,-10.0135536194,-149.637542725,295.076049805,1021.33001709,20.0,
7,40.185781002,-9.01429271698,-150.914627075,294.736206055,1021.33001709,20.0,
7,40.2484750748,-7.68248796463,-151.077957153,294.736206055,1021.34997559,20.1000003815,
7,40.3086800575,-7.74685335159,-150.553482056,301.055938721,1021.2800293,20.0,
7,40.3686680794,-6.20088672638,-151.924423218,310.030273438,1021.39001465,20.0,
7,40.4287259579,2.80868053436,-152.483093262,317.738128662,1021.33001709,20.1000003815,
7,40.4883840084,13.9000682831,-145.46282959,322.79208374,1021.34997559,20.1000003815,
7,40.5481529236,4.76429891586,-145.178878784,313.691192627,1021.30999756,20.1000003815,
7,40.6080129147,-2.7899980545,-149.725830078,313.691192627,1021.28997803,20.1000003815,
7,40.668035984,-19.1724948883,-153.531616211,275.162231445,1021.2800293,20.0,
7,40.72803092,-14.1329107285,-145.371368408,275.162231445,1021.28997803,20.1000003815,
7,40.7876989841,-9.09961414337,-149.426101685,272.878356934,1021.27001953,20.1000003815,
7,40.8476769924,-8.02779388428,-151.110275269,282.463378906,1021.34997559,20.1000003815,
7,40.914607048,-10.6976718903,-151.65524292,290.340576172,1021.26000977,20.1000003815,
7,40.9777810574,-5.07213068008,-153.111846924,306.392150879,1021.39001465,20.1000003815,
7,41.0428760052,-2.77433466911,-153.734207153,324.013214111,1021.34002686,20.1000003815,
7,41.1103520393,-1.95350337029,-156.096572876,339.111877441,1021.29998779,20.1000003815,
7,41.1757850647,-2.57864284515,-154.826171875,348.041168213,1021.29998779,20.0,
7,41.2449538708,-2.98745417595,-153.576553345,348.289978027,1021.27001953,20.1000003815,
7,41.3045148849,-5.83932590485,-151.654800415,339.743530273,1021.25,20.0,
7,41.3642840385,-6.10766649246,-150.310653687,339.743530273,1021.2800293,20.0,
7,41.4242789745,-8.61508750916,-150.75012207,306.041870117,1021.25,20.1000003815,
7,41.4842629433,-8.64122104645,-150.107162476,306.041870117,1021.26000977,20.1000003815,
7,41.5440309048,-10.7808895111,-150.690734863,284.963562012,1021.28997803,20.1000003815,
7,41.6037960052,-11.4003372192,-150.113998413,284.963562012,1021.32000732,20.1000003815,
7,41.6635570526,-10.7715902328,-150.654266357,283.919616699,1021.28997803,20.1000003815,
7,41.7231550217,-8.65756511688,-150.900787354,289.536651611,1021.34002686,20.1000003815,
7,41.7829170227,-7.10409164429,-153.187591553,298.033843994,1021.30999756,20.1000003815,
7,41.8425619602,-6.47130823135,-152.501220703,298.033843994,1021.28216553,20.0,
7,41.9062509537,-3.81854248047,-152.930038452,324.204040527,1021.38000488,20.0,
7,41.9721360207,-3.63715434074,-153.874908447,324.204040527,1021.34002686,20.0,
7,42.0325980186,-2.82380843163,-153.680038452,342.231262207,1021.44000244,20.0,
7,42.0926890373,-2.56981801987,-152.837249756,342.231262207,1021.27001953,20.0,
7,42.1526858807,-3.88919377327,-152.172546387,340.848876953,1021.34002686,20.0,
7,42.2127630711,-6.0233039856,-151.579040527,332.700439453,1021.33001709,20.0,
7,42.2723510265,-7.20936727524,-150.356628418,318.29284668,1021.34997559,20.0,
7,42.3322269917,-10.1714344025,-151.007492065,304.831481934,1021.35998535,20.1000003815,
7,42.392179966,-9.59392166138,-150.766845703,295.532104492,1021.35998535,20.1000003815,
7,42.451914072,-10.5567178726,-150.667022705,295.532104492,1021.28997803,20.0,
7,42.5115308762,-9.88696098328,-151.107376099,291.713928223,1021.27001953,20.0,
7,42.5709910393,-9.73298740387,-151.380249023,291.713928223,1021.32000732,20.0,
7,42.6307330132,-8.0357093811,-152.227142334,296.565063477,1021.2800293,20.0,
7,42.6983850002,-3.5810956955,-153.189376831,304.18359375,1021.28997803,20.0,
7,42.7580430508,-5.47964525223,-152.907791138,313.391693115,1021.26000977,20.1000003815,
7,42.8238260746,-3.83503675461,-152.592254639,323.244384766,1021.28997803,20.0,
7,42.8923239708,-3.44594502449,-153.076217651,332.037780762,1021.25,20.0,
7,42.956223011,-3.93154382706,-152.36618042,335.668762207,1021.2800293,20.0,
7,43.0238559246,-5.02663373947,-151.709762573,333.755645752,1021.36999512,20.0,
7,43.0867888927,-6.79887294769,-151.487106323,325.911132812,1021.29998779,20.1000003815,
7,43.1512339115,-8.51644706726,-151.452957153,313.595214844,1021.34002686,20.0,
7,43.2111170292,-8.80054759979,-150.937713623,305.023529053,1021.28997803,20.0,
7,43.2711780071,-8.02680015564,-150.349273682,299.272979736,1021.29998779,20.1000003815,
7,43.3307769299,-9.62802791595,-151.194198608,299.272979736,1021.34997559,20.0,
7,43.3905780315,-9.38009262085,-151.528213501,297.937133789,1021.27001953,20.1000003815,
7,43.4505579472,-9.13174819946,-151.567993164,297.937133789,1021.29998779,20.0,
7,43.5101358891,-7.60667705536,-151.89503479,301.689666748,1021.28997803,20.0003910065,
7,43.5700509548,-6.92491769791,-152.390975952,308.018951416,1021.28997803,20.0,
7,43.6298260689,-5.46646547318,-152.297271729,314.746490479,1021.29998779,20.0,
7,43.6894540787,-4.95672512054,-153.445861816,322.576171875,1021.29998779,20.1000003815,
7,43.7492930889,-4.5657453537,-153.016296387,328.159545898,1021.34997559,20.0,
7,43.8114380836,-4.38412761688,-152.179473877,328.159545898,1021.34002686,20.0,
7,43.8716609478,-5.4896607399,-151.423568726,326.86151123,1021.32000732,20.1000003815,
7,43.9314289093,-5.69500017166,-151.036209106,326.86151123,1021.33001709,20.0,
7,43.9915308952,-6.68305587769,-151.247619629,320.19442749,1021.34002686,10.0500001907,
7,44.0511040688,-7.92071390152,-151.163665771,311.845153809,1021.28997803,20.0,
7,44.1108520031,-8.07329273224,-151.325317383,306.054626465,1021.32000732,20.0,
7,44.1705460548,-9.19384479523,-151.612731934,302.290618896,1021.25,20.1000003815,
7,44.2301280499,-9.10249233246,-151.930206299,301.316925049,1021.33001709,20.0,
7,44.2899398804,-9.23076343536,-151.75692749,302.483123779,1021.30999756,20.0,
7,44.3499860764,-8.3079366684,-151.991455078,302.483123779,1021.30999756,20.0,
7,44.4097828865,-6.87298965454,-152.653289795,0.0,1021.30999756,20.0,
7,44.4721500874,-5.92169809341,-152.707717896,309.696594238,1021.30999756,20.0,
7,44.5318980217,-5.13622236252,-152.154983521,314.735961914,1021.27001953,20.1000003815,
7,44.5920269489,-4.32884073257,-151.787216187,320.680877686,1021.29998779,20.0,
7,44.6519038677,-4.16110658646,-151.858688354,324.246124268,1021.20001221,20.0,
7,44.7117159367,-4.5877571106,-151.580978394,325.088165283,1021.27001953,20.0,
7,44.7713608742,-5.93261098862,-151.248245239,322.788482666,1021.2199707,20.0,
7,44.8312170506,-6.09335613251,-151.081390381,322.788482666,1021.26000977,20.0,
7,44.8908669949,-7.10012960434,-151.382202148,310.963928223,1021.29998779,20.1000003815,
7,44.9514970779,-7.7987279892,-151.519088745,310.963928223,1021.29998779,20.1000003815,
7,45.0112519264,-9.15971183777,-150.953414917,305.461547852,1021.28997803,20.1000003815,
7,45.080616951,-9.19532775879,-151.353637695,305.461547852,1021.28216553,20.0,
7,45.1469240189,-8.2943572998,-152.300537109,304.56539917,1021.36999512,20.1000003815,
7,45.218378067,-7.71416664124,-151.978088379,305.428405762,1021.29998779,20.0,
7,45.2781639099,-6.95320463181,-151.547866821,307.328765869,1021.28997803,20.0,
7,45.3583769798,-6.13685798645,-151.742767334,310.601287842,1021.34002686,20.0,
7,45.4184670448,-5.38527488708,-151.759552002,314.579742432,1021.30999756,20.0,
7,45.4783649445,-5.17992258072,-151.642578125,318.58605957,1021.33001709,20.1000003815,
7,45.5381379128,-4.5877571106,-151.580978394,321.228881836,1021.2800293,20.0,
7,45.6041009426,-5.56927156448,-151.500030518,322.10357666,1021.34997559,20.0,
7,45.6700360775,-6.17268276215,-152.10723877,320.223937988,1021.28997803,20.0,
7,45.7300169468,-6.92951011658,-151.653091431,315.590667725,1021.29998779,20.1000003815,
7,45.7900080681,-7.36028862,-151.983200073,312.741241455,1021.41998291,20.0,
7,45.8502049446,-8.1467628479,-151.812133789,308.361816406,1021.35998535,20.0,
7,45.9102079868,-8.2652053833,-152.405471802,308.361816406,1021.2800293,20.0,
7,45.9707539082,-8.78087806702,-152.743927002,306.087310791,1021.27001953,20.1000003815,
7,46.03363204,-8.00860023499,-151.984298706,305.779907227,1021.35998535,20.0,
7,46.0934998989,-3.72506642342,-151.868103027,306.28024292,1021.39001465,20.1000003815,
7,46.1533770561,-6.66254043579,-151.847473145,307.875,1021.30999756,20.0,
7,46.2130770683,-6.04247808456,-151.598617554,310.904968262,1021.33001709,20.1000003815,
7,46.2727019787,-5.88047409058,-151.266021729,314.274780273,1021.35998535,20.0,
7,46.3323409557,-5.62757301331,-151.665435791,318.110839844,1021.2800293,20.0,
7,46.3918468952,-5.43399858475,-152.250686646,320.839477539,1021.27001953,20.1000003815,
7,46.4517219067,-5.02663373947,-151.709762573,320.839477539,1021.26000977,20.0,
7,46.5115590096,-6.08811616898,-152.892852783,320.77432251,1021.30999756,20.1000003815,
7,46.5747799873,-7.27694034576,-151.640960693,318.613891602,1021.33001709,20.1000003815,
7,46.6354420185,-7.20166015625,-151.759780884,315.0,1021.21002197,20.0,
7,46.695595026,-7.68529653549,-151.580200195,312.124542236,1021.29998779,20.1000003815,
7,46.7558729649,-8.11875724792,-151.916931152,308.254425049,1021.27001953,20.1000003815,
7,46.8158500195,-8.0620765686,-151.259506226,306.002868652,1021.32000732,20.1000003815,
7,46.8754329681,-8.74588012695,-151.825241089,305.401947021,1021.32000732,20.1000003815,
7,46.9349439144,-7.72641420364,-151.67288208,305.401947021,1021.36999512,20.0,
7,46.9947838783,-7.01168966293,-151.03012085,308.519775391,1021.29998779,20.1000003815,
7,47.0542850494,-6.96388483047,-151.24508667,308.519775391,1021.29998779,20.1000003815,
7,47.1143100262,-6.52075910568,-151.71661377,311.843017578,1021.40002441,20.1000003815,
7,47.1741259098,-4.94798326492,-151.935714722,315.432952881,1021.30999756,20.1000003815,
7,47.2339360714,-5.48228263855,-152.241378784,318.691375732,1021.29998779,20.0,
7,47.2938868999,-5.72933721542,-151.597702026,320.449188232,1021.39001465,20.1000003815,
7,47.3538939953,-5.64963531494,-152.566238403,319.214172363,1021.34002686,20.1000003815,
7,47.413932085,-6.12969684601,-152.181930542,319.214172363,1021.32000732,20.1000003815,
7,47.4739749432,-6.7901391983,-151.518600464,313.503295898,1021.2800293,20.0,
7,47.533851862,-7.72641420364,-151.67288208,313.503295898,1021.2800293,20.1000003815,
7,47.5936849117,-8.10364151001,-151.718994141,310.204101562,1021.30999756,20.1000003815,
7,47.653414011,-8.260430336,-151.385803223,306.869903564,1021.32000732,20.0,
7,47.7136158943,-7.71416664124,-151.978088379,305.852905273,1021.34997559,20.1000003815,
7,47.773499012,-8.04642009735,-151.05859375,306.528869629,1021.34002686,20.1000003815,
7,47.8332030773,-7.26538896561,-151.946670532,307.323791504,1021.28997803,20.1000003815,
7,47.8932800293,-7.24935674667,-151.243301392,309.664398193,1021.33001709,20.1000003815,
7,47.9684710503,-6.77946233749,-151.99307251,313.35559082,1021.34997559,20.1000003815,
7,48.0280890465,-5.44284534454,-151.945480347,313.35559082,1021.35998535,20.1000003815,
7,48.0983800888,-5.51188707352,-152.338119507,318.43661499,1021.30999756,20.1000003815,
7,48.1686270237,-5.5210313797,-152.028701782,318.43661499,1021.39001465,20.1000003815,
7,48.2383880615,-6.18263292313,-151.662200928,317.055877686,1021.39001465,20.0,
7,48.2996850014,-6.37710094452,-152.08972168,317.055877686,1021.37939453,20.1000003815,
7,48.3607509136,-7.48989295959,-151.962158203,311.507415771,1021.35998535,20.1000003815,
7,48.421585083,-7.55405902863,-151.442398071,311.507415771,1021.34002686,20.0,
7,48.4827160835,-8.44386863708,-151.818222046,307.184692383,1021.38000488,20.1000003815,
7,48.5483820438,-8.29214477539,-151.788803101,307.184692383,1021.29998779,20.1000003815,
7,48.6087799072,-7.95079517365,-151.68951416,306.97277832,1021.35998535,20.1000003815,
7,48.6687259674,-7.56851005554,-151.643249512,307.568603516,1021.38000488,20.1000003815,
7,48.728924036,-7.02747678757,-151.73210144,309.464385986,1021.28997803,20.1000003815,
7,48.7893428802,-6.51043891907,-152.019165039,312.210540771,1021.29998779,20.1000003815,
7,48.8493759632,-6.09714174271,-152.087005615,314.169677734,1021.34997559,20.1000003815,
7,48.9094650745,-6.08722066879,-152.390426636,314.169677734,1021.34997559,20.1000003815,
7,48.969493866,-5.49128007889,-151.933441162,318.138397217,1021.32000732,20.0,
7,49.0294559002,-5.93600130081,-152.26524353,318.138397217,1021.30999756,20.1000003815,
7,49.0894958973,-6.12810945511,-151.676269531,316.933929443,1021.32000732,20.1000003815,
7,49.1495370865,-6.52241659164,-152.21736145,315.289367676,1021.36999512,20.1000003815,
7,49.2092850208,-7.22449445724,-151.350509644,313.347686768,1021.35998535,20.0,
7,49.2691709995,-7.63273191452,-151.790786743,311.027496338,1021.25,20.1000003815,
7,49.3308079243,7.96319770813,-151.383651733,308.659790039,1021.29998779,20.1000003815,
7,49.3908379078,-7.82237005234,-151.5521698,308.659790039,1021.30999756,20.1000003815,
7,49.4509348869,-7.55641222,-151.951385498,154.127212524,1021.34002686,20.1000003815,
7,49.5106139183,-8.00860023499,-151.984298706,308.254425049,1021.34002686,20.0,
7,49.5705919266,-6.86336231232,-151.70413208,309.189025879,1021.38000488,20.0,
7,49.6302599907,-6.53289365768,-151.914581299,310.364532471,1021.30999756,20.0,
7,49.6901419163,-6.08585453033,-151.888183594,312.144378662,1021.40002441,20.0,
7,49.7501108646,-6.57820034027,-151.703262329,314.575592041,1021.32000732,20.0,
7,49.8101239204,-5.95689439774,-152.159545898,316.461303711,1021.34002686,20.1000003815,
7,49.8760340214,-5.68794584274,-151.851028442,316.636566162,1021.30999756,20.1000003815,
7,49.9466109276,-5.94573354721,-151.957687378,315.885955811,1021.32000732,20.1000003815,
7,50.0069429874,-6.37533855438,-151.582626343,315.885955811,1021.34002686,20.0,
7,50.0669169426,-7.46399402618,-152.067016602,312.428161621,1021.36999512,20.0,
7,50.1270809174,-6.76678943634,-151.624938965,312.428161621,1021.40997314,20.1000003815,
7,50.1868469715,-7.78020763397,-151.458953857,310.681518555,1021.28997803,20.099609375,
7,50.2467448711,-7.76795005798,-151.766586304,309.326965332,1021.34997559,20.0,
7,50.3068320751,-8.00611114502,-151.475982666,308.578155518,1021.34997559,20.1000003815,
7,50.3667550087,-7.37900781631,-151.208679199,308.742553711,1021.34002686,20.1000003815,
7,50.4265198708,-7.31611537933,-151.734436035,310.035766602,1021.30999756,20.0,
7,50.4862949848,-6.83946847916,-151.810958862,311.150634766,1021.34002686,20.1000003815,
7,50.5462620258,-5.9553232193,-151.649154663,313.205780029,1021.34997559,20.0,
7,50.6060218811,-6.6599149704,-151.581970215,314.856414795,1021.40002441,10.0,
7,50.6656699181,-5.91388177872,-151.863311768,314.856414795,1021.40002441,20.0,
7,50.7327048779,-5.69702672958,-151.543777466,315.732635498,1021.32000732,20.0,
7,50.7946350574,-6.37710094452,-152.08972168,315.584625244,1021.38000488,20.0,
7,50.8547070026,-6.59055614471,-151.902923584,314.717773438,1021.29998779,20.1000003815,
7,50.9150290489,-6.73291015625,-152.032867432,314.028991699,1021.32000732,20.1000003815,
7,50.9748659134,-6.99015283585,-151.639480591,311.415405273,1021.29998779,20.1000003815,
7,51.0354809761,-7.051861763,-151.625671387,310.343658447,1021.2800293,20.1000003815,
7,51.0950729847,-7.75323152542,-151.56628418,309.302001953,1021.33001709,20.0,
7,51.1547579765,-7.5950255394,-151.535476685,309.302001953,1021.3269043,20.0,
7,51.2141280174,-6.60872507095,-150.782012939,309.365722656,1021.2800293,20.0,
7,51.2736179829,6.83724927902,-151.303726196,309.365722656,1021.27001953,20.0,
7,51.3336279392,-6.83946847916,-151.810958862,310.301330566,1021.33001709,20.1000003815,
7,51.4083640575,-6.58853626251,-151.397109985,311.760314941,1021.29998779,20.0,
7,51.4681060314,-5.92495679855,-152.063903809,314.019470215,1021.25,20.0,
7,51.5279150009,-6.61353969574,-151.796676636,314.573486328,1021.27001953,20.1000003815,
7,51.5975959301,6.02033090591,-151.837997437,315.581665039,1021.29998779,20.1000003815,
7,51.6572139263,-6.43403148651,-152.079421997,315.0,1021.29998779,20.0,
7,51.7249000072,-6.35489749908,-152.194915771,314.028991699,1021.33251953,20.1000003815,
7,51.7863130569,-6.88933420181,-152.107574463,312.41595459,1021.29998779,20.0,
7,51.8516130447,-7.07638835907,-151.518539429,311.063842773,1021.29998779,20.1000003815,
7,51.9112758636,-7.31611537933,-151.734436035,309.712280273,1021.29998779,20.1000003815,
7,51.9712820053,-7.55405902863,-151.442398071,309.897827148,1021.34002686,20.1000003815,
7,52.0312559605,-6.57820034027,-151.703262329,309.897827148,1021.28997803,20.1000003815,
7,52.0911428928,-6.83946847916,-151.810958862,309.276763916,1021.33001709,20.0,
7,52.1509480476,-7.04936170578,-151.119796753,310.322570801,1021.28997803,20.0,
7,52.2108678818,-7.07846736908,-152.026473999,310.76361084,1021.29998779,20.0,
7,52.2707800865,-6.59055614471,-151.902923584,312.403625488,1021.26000977,20.1000003815,
7,52.3306519985,-6.38740444183,-151.782852173,313.595977783,1021.40002441,20.1000003815,
7,52.3906710148,-5.6986041069,-152.051681519,314.857818604,1021.34997559,20.1000003815,
7,52.451004982,-6.10691976547,-151.782592773,315.424407959,1021.30999756,20.1000003815,
7,52.5120470524,-6.39943647385,-151.983825684,315.424407959,1021.36999512,20.1000003815,
7,52.572218895,-6.37710094452,-152.08972168,312.654266357,1021.30999756,20.0,
7,52.6328470707,-7.02747678757,-151.73210144,312.654266357,1021.2800293,20.0,
7,52.6931018829,-7.75323152542,-151.56628418,312.184448242,1021.38000488,20.1000003815,
7,52.753082037,-7.31361103058,-151.226119995,310.802337646,1021.30999756,20.1000003815,
7,52.8127110004,-7.34170293808,-151.627227783,310.086212158,1021.27001953,20.1000003815,
7,52.8729739189,-7.07638835907,-151.823303223,309.735931396,1021.32000732,20.1000003815,
7,52.9327220917,-7.30437707901,-152.041610718,310.182373047,1021.39001465,20.1000003815,
7,52.9927480221,-7.051861763,-151.625671387,310.182373047,1021.34002686,20.1000003815,
7,53.052273035,-6.86336231232,-151.70413208,311.490966797,1021.27001953,20.1000003815,
7,53.1118979454,-6.6384062767,-152.199234009,311.490966797,1021.34002686,20.1000003815,
7,53.1715679169,-6.38740444183,-151.782852173,312.654266357,1021.38000488,20.0,
7,53.2309930325,-6.365193367,-151.889266968,313.7394104,1021.30999756,20.1000003815,
7,53.291064024,-6.39943647385,-151.983825684,314.432739258,1021.29998779,20.1000003815,
7,53.3577148914,-6.60105466843,-151.596511841,314.859222412,1021.27001953,20.1000003815,
7,53.4269418716,-6.6384062767,-152.199234009,313.488952637,1021.40002441,20.1000003815,
7,53.4869010448,-6.62599039078,-151.731948853,313.488952637,1021.34002686,20.0,
7,53.5545139313,-7.11466217041,-151.611663818,310.990509033,1021.36999512,20.1000003815,
7,53.6176030636,-7.10105991364,-151.41065979,310.990509033,1021.25,20.1000003815,
7,53.683508873,-7.30223321915,-151.533981323,310.247009277,1021.38000488,20.1000003815,
7,53.7534050941,-7.07638835907,-151.518539429,310.247009277,1021.38000488,20.1000003815,
7,53.8131489754,-7.02747678757,-151.73210144,310.441650391,1021.38000488,20.1000003815,
7,53.8732089996,-6.59055614471,-151.902923584,310.441650391,1021.35998535,20.0,
7,53.9331579208,-6.63665914536,-151.689682007,312.157867432,1021.30999756,20.1000003815,
7,53.9938490391,-6.62599039078,-151.997573853,312.157867432,1021.27001953,20.0,
7,54.0534749031,-6.12810945511,-151.676269531,313.481689453,1021.2800293,20.0,
7,54.1134459972,-5.92331838608,-151.556259155,314.157470703,1021.27001953,20.0,
7,54.1730010509,-6.38740444183,-151.782852173,314.019470215,1021.36999512,20.0,
7,54.2334029675,-6.56770896912,-151.008453369,314.019470215,1021.34002686,20.0,
7,54.2930040359,-6.86336231232,-151.70413208,312.676635742,1021.33001709,20.0,
7,54.3529009819,-7.07638835907,-151.518539429,312.676635742,1021.39001465,20.0,
7,54.4174978733,-6.8763666153,-151.905487061,311.027496338,1021.33001709,20.0,
7,54.4826760292,-6.63665914536,-151.689682007,311.027496338,1021.32000732,20.1000003815,
7,54.5424289703,-7.07637882233,-151.518539429,310.086212158,1021.34002686,20.1000003815,
7,54.6022369862,-7.08742189407,-151.210418701,310.086212158,1021.30999756,20.0,
7,54.6619200706,-6.97913646698,-151.942779541,310.399902344,1021.30999756,20.1000003815,
7,54.7219359875,-6.64716625214,-151.380828857,310.681518555,1021.28997803,20.0,
7,54.7819159031,-6.35489749908,-152.194915771,311.887695312,1021.38000488,20.1000003815,
7,54.8417520523,-6.43403148651,-152.079421997,313.222900391,1021.38000488,20.1000003815,
7,54.9014370441,-6.15112543106,-152.076583862,313.757629395,1021.29998779,20.0,
7,54.9612779617,-6.38740444183,-151.782852173,313.757629395,1021.27001953,20.1000003815,
7,55.0211548805,-6.60287809372,-152.10333252,313.466918945,1021.30999756,20.0,
7,55.0813598633,-6.60105466843,-151.596511841,313.616333008,1021.34997559,20.1000003815,
7,55.1444208622,-6.59055614471,-151.902923584,313.222900391,1021.29998779,20.1000003815,
7,55.2041208744,-7.34170293808,-151.627227783,312.676635742,1021.29998779,20.0375003815,
7,55.2637240887,-6.93589782715,-151.379241943,311.168365479,1021.27001953,20.1000003815,
7,55.3235929012,-7.80991315842,-151.861297607,310.960754395,1021.29998779,20.1000003815,
7,55.3833639622,-7.08984947205,-151.719055176,310.204101562,1021.27001953,20.1000003815,
7,55.4460220337,-7.10327386856,-151.920318604,310.581390381,1021.35998535,20.1000003815,
7,55.5084369183,-6.40974617004,-151.675720215,310.581390381,1021.34997559,20.1000003815,
7,55.5685229301,-6.60105466843,-151.596511841,310.923736572,1021.39001465,20.1000003815,
7,55.6284279823,-6.36324071884,-151.383163452,311.381896973,1021.29998779,20.0,
7,55.6885519028,-6.60105466843,-151.596511841,312.001525879,1021.2800293,20.0,
7,55.7484369278,-6.83946847916,-151.810958862,313.063201904,1021.28997803,20.0,
7,55.8083820343,-6.365193367,-151.889266968,313.903564453,1021.2800293,20.0,
7,55.8679559231,-6.16106987,-151.769500732,313.7394104,1021.34997559,20.0,
7,55.9276778698,-6.34128046036,-151.490539551,313.347686768,1021.30999756,20.1000003815,
7,55.9875810146,-6.86336231232,-151.70413208,313.347686768,1021.26000977,20.1000003815,
7,56.0472419262,-6.86336231232,-151.70413208,312.057495117,1021.33001709,20.1000003815,
7,56.107213974,-7.051861763,-151.625671387,312.057495117,1021.27001953,20.1000003815,
7,56.1769199371,-6.79210042953,-152.022415161,310.802337646,1021.32000732,20.1000003815,
7,56.2365338802,-7.31611537933,-151.734436035,310.802337646,1021.2800293,20.0,
7,56.3183629513,-7.07638835907,-151.518539429,310.661743164,1021.29998779,20.1000003815,
7,56.3779859543,-7.30437707901,-152.041610718,310.783050537,1021.38000488,20.0,
7,56.4380309582,-6.61353969574,-151.796676636,311.945343018,1021.30999756,20.1000003815,
7,56.4980580807,-6.37710094452,-152.08972168,312.157867432,1021.2800293,20.1000003815,
7,56.5580539703,-6.6726307869,-151.783874512,312.939880371,1021.38000488,20.0,
7,56.6221060753,-6.365193367,-151.889266968,313.081726074,1021.35998535,20.0,
7,56.6822810173,-6.85233688354,-152.011795044,313.33972168,1021.32000732,20.1000003815,
7,56.7421839237,-6.45482969284,-151.459197998,312.797393799,1021.36999512,20.1000003815,
7,56.8021500111,-6.6151638031,-152.304489136,313.072509766,1021.32000732,20.1000003815,
7,56.8621690273,-6.63665914536,-151.689682007,313.072509766,1021.32000732,20.1000003815,
7,56.9220840931,-7.27894687653,-152.146850586,311.664855957,1021.34002686,20.1000003815,
7,56.9814450741,-7.30223321915,-151.533981323,311.805419922,1021.38000488,20.1000003815,
7,57.0412640572,-7.09171438217,-152.227996826,310.923736572,1021.40002441,20.0,
7,57.1011359692,-7.1282286644,-151.813430786,311.04574585,1021.34997559,20.1000003815,
7,57.1651120186,-6.85032320023,-151.503555298,310.923736572,1021.33001709,20.1000003815,
7,57.2326409817,-6.59055614471,-151.902923584,310.904968262,1021.30999756,20.1000003815,
7,57.2952299118,-7.08984947205,-151.719055176,311.523681641,1021.33001709,20.0,
7,57.3552050591,-6.90053939819,-151.798416138,311.872924805,1021.40002441,20.1000003815,
7,57.4151740074,-6.72316884995,-152.833221436,312.818359375,1021.30999756,20.1000003815,
7,57.4753110409,-6.35325288773,-151.689544678,312.818359375,1021.40002441,20.1000003815,
7,57.5352549553,-6.83946847916,-151.810958862,313.363433838,1021.41998291,20.1000003815,
7,57.5952188969,-3.43898129463,-152.415725708,313.363433838,1021.35998535,20.1000003815,
7,57.65498209,-6.62404251099,-151.489044189,312.676635742,1021.38000488,20.0,
7,57.7147409916,-7.07638835907,-151.518539429,313.231323242,1021.38000488,20.1000003815,
7,57.7741959095,-7.08984947205,-151.719055176,311.239501953,1021.33001709,20.1000003815,
7,57.8339550495,-7.051861763,-151.625671387,311.239501953,1021.30999756,20.0,
7,57.8937830925,-6.81571435928,-151.917053223,311.04574585,1021.33001709,20.1000003815,
7,57.9537889957,-7.08984947205,-151.719055176,311.04574585,1021.35998535,20.1000003815,
7,58.0134749413,-6.6726307869,-151.783874512,311.291564941,1021.2800293,20.1000003815,
7,58.073497057,-7.13962221146,-151.503555298,311.291564941,1021.29998779,20.1000003815,
7,58.1331999302,-6.90053939819,-151.798416138,311.664855957,1021.33001709,20.1000003815,
7,58.1930558681,-6.57820034027,-151.703262329,312.55758667,1021.34997559,20.1000003815,
7,58.2577500343,-6.61353969574,-151.796676636,312.838928223,1021.36999512,20.1000003815,
7,58.3175718784,-6.43403148651,-152.079421997,312.939880371,1021.34997559,20.1000003815,
7,58.3776729107,-6.55548048019,-151.809280396,313.072509766,1021.40002441,20.0,
7,58.4374098778,-6.59055614471,-151.902923584,313.072509766,1021.34997559,20.1000003815,
7,58.4976360798,-6.85233688354,-152.011795044,312.838928223,1021.38000488,20.1000003815,
7,58.5574419498,-6.6599149704,-151.581970215,312.838928223,1021.32000732,20.1000003815,
7,58.6172468662,-6.86336231232,-151.70413208,312.157867432,1021.29998779,20.1000003815,
7,58.676776886,-6.62404251099,-151.489044189,311.775482178,1021.29998779,20.1000003815,
7,58.7366518974,-6.40754795074,-151.166183472,311.381896973,1021.27001953,20.1000003815,
7,58.7963058949,-7.10327386856,-151.920318604,310.886047363,1021.30999756,20.1000003815,
7,58.856235981,-7.1282286644,-151.813430786,311.168365479,1021.34997559,20.1000003815,
7,58.9224479198,-6.81362581253,-151.411529541,312.057495117,1021.33001709,20.1000003815,
7,58.9826569557,-6.6151638031,-152.304489136,311.398742676,1021.33001709,20.0,
7,59.0430059433,-6.57598495483,-151.198455811,311.398742676,1021.34002686,20.1000003815,
7,59.1030519009,-7.06518268585,-151.825698853,312.969085693,1021.35998535,20.1000003815,
7,59.1629769802,-6.61353969574,-151.796676636,312.818359375,1021.36999512,20.1000003815,
7,59.2226769924,-6.79210042953,-152.022415161,312.939880371,1021.29998779,20.1000003815,
7,59.2826318741,-6.83946847916,-151.810958862,312.55758667,1021.35998535,20.1000003815,
7,59.342302084,-6.92485713959,-151.690612793,312.55758667,1021.34002686,20.1000003815,
7,59.4019079208,-6.52075910568,-151.71661377,312.273681641,1021.34997559,20.1000003815,
7,59.4611060619,-7.08984947205,-151.719055176,312.273681641,1021.33001709,20.0,
7,59.5208380222,-6.85032320023,-151.503555298,311.114685059,1021.38000488,20.1000003815,
7,59.5804479122,-6.90053939819,-151.798416138,311.114685059,1021.25,20.1000003815,
7,59.6476500034,-6.91157627106,-151.488265991,311.168365479,1021.29998779,20.0,
7,59.7075459957,-7.02747678757,-151.73210144,311.168365479,1021.29998779,20.0,
7,59.7726089954,-7.10105991364,-151.41065979,310.866943359,1021.41998291,20.0,
7,59.832928896,-6.8763666153,-151.905487061,312.299377441,1021.39001465,20.1000003815,
7,59.8928620815,-6.6599149704,-151.581970215,312.171203613,1021.34002686,20.1000003815,
7,59.952862978,-6.59206056595,-152.409011841,311.872924805,1021.33001709,20.1000003815,
7,60.012691021,-6.60287809372,-152.10333252,312.828704834,1021.2800293,20.1000003815,
7,60.072218895,-6.14942502975,-151.569213867,312.828704834,1021.28997803,20.1000003815,
7,60.1321020126,-7.06518268585,-151.825698853,312.959442139,1021.2800293,20.1000003815,
7,60.191781044,-7.07846736908,-152.026473999,312.959442139,1021.29998779,20.1000003815,
7,60.2517969608,-6.86516857147,-152.213394165,312.184448242,1021.34997559,20.1000003815,
7,60.3115968704,-7.26538896561,-151.946670532,311.633544922,1021.28997803,20.1000003815,
7,60.3783669472,-7.06289196014,-151.318786621,311.507415771,1021.29998779,20.1000003815,
7,60.4378829002,-6.76862621307,-152.127075195,311.931152344,1021.34002686,20.1000003815,
7,60.5031399727,-7.32995843887,-151.935623169,311.664855957,1021.29998779,20.0,
7,60.5715720654,-6.61353969574,-151.796676636,311.790527344,1021.30999756,20.0,
7,60.6374890804,-6.64716625214,-151.380828857,311.931152344,1021.34002686,20.0,
7,60.7184860706,-6.62599039078,-151.997573853,312.286590576,1021.28997803,20.0,
7,60.7784240246,-6.83946847916,-151.810958862,312.001525879,1021.40002441,20.1000003815,
7,60.837900877,-6.63665914536,-151.689682007,312.403625488,1021.27001953,20.1000003815,
7,60.8979570866,-7.35326623917,-151.317855835,312.807922363,1021.34997559,20.1000003815,
7,60.9678080082,-6.81571435928,-151.917053223,312.299377441,1021.28997803,20.1000003815,
7,61.0277299881,-6.58853626251,-151.397109985,311.729522705,1021.30999756,20.0,
7,61.0875709057,-7.07842111588,-152.026473999,311.34777832,1021.2800293,20.0,
7,61.1476449966,-6.59055614471,-151.902923584,311.34777832,1021.29998779,20.1000003815,
7,61.2075889111,-7.08984947205,-151.719055176,311.775482178,1021.2722168,20.0,
7,61.2677400112,-6.86336231232,-151.70413208,311.805419922,1021.33001709,20.1000003815,
7,61.3278040886,-7.29067802429,-151.840896606,311.649291992,1021.28997803,20.1000003815,
7,61.3875038624,-6.76862621307,-152.127075195,311.805419922,1021.26000977,20.0,
7,61.4474990368,-7.06518268585,-151.825698853,311.398742676,1021.32000732,20.1000003815,
7,61.5073020458,-6.37710094452,-152.08972168,311.633544922,1021.32000732,20.0,
7,61.567209959,-6.85032320023,-151.503555298,311.633544922,1021.29998779,20.1000003815,
7,61.627040863,-6.58853626251,-151.397109985,312.260650635,1021.38000488,20.1000003815,
7,61.6868340969,-6.42190647125,-151.877182007,312.260650635,1021.33001709,20.1000003815,
7,61.7535459995,-6.63667201996,-151.689682007,312.117034912,1021.27001953,20.1000003815,
7,61.8214418888,-6.88933420181,-152.107574463,312.117034912,1021.29998779,10.0,
7,61.887075901,-6.86336231232,-151.70413208,312.403625488,1021.34997559,20.0,
7,61.956496954,-7.08984947205,-151.719055176,311.902313232,1021.39001465,20.0,
7,62.0163900852,-7.05380678177,-152.131896973,312.184448242,1021.30999756,20.1000003815,
7,62.083739996,-7.29067802429,-151.840896606,311.805419922,1021.29998779,20.1000003815,
7,62.1470999718,-6.63665914536,-151.689682007,311.507415771,1021.34002686,20.1000003815,
7,62.2107789516,-6.86336231232,-151.70413208,311.507415771,1021.39001465,20.1000003815,
7,64.1029150486,-7.08984947205,-151.719055176,311.760314941,1021.30999756,20.1000003815,
7,64.1625039577,-6.94926071167,-151.582077026,312.273681641,1021.40002441,20.1000003815,
7,64.2224419117,-6.63665914536,-151.689682007,312.144378662,1021.34997559,20.1000003815,
7,64.2828719616,-6.37710094452,-152.08972168,312.144378662,1021.29998779,20.1000003815,
7,64.3428149223,-6.59055614471,-151.902923584,312.286590576,1021.29998779,20.1000003815,
7,64.402493,-6.59055614471,-151.902923584,312.286590576,1021.38000488,10.0500001907,
7,64.466258049,-6.62599039078,-151.997573853,311.775482178,1021.38000488,20.1000003815,
7,64.531678915,-7.051861763,151.625671387,311.633544922,1021.34002686,20.1000003815,
7,64.5915150642,-6.68330955505,-151.473495483,311.775482178,1021.27001953,20.1000003815,
7,64.6517419815,-6.77946233749,-151.823303223,311.775482178,1021.36999512,20.1000003815,
7,64.7115859985,-6.86336231232,-151.70413208,311.523681641,1021.2800293,20.1000003815,
7,64.7716629505,-7.07846736908,-152.026473999,311.523681641,1021.30999756,20.1000003815,
7,64.8312709332,-6.83724927902,-151.303726196,312.602966309,1021.38000488,20.1000003815,
7,64.8912248611,-6.83946847916,-151.810958862,312.602966309,1021.38000488,20.1000003815,
7,64.9508340359,-6.57820034027,-151.703262329,312.029785156,1021.40002441,20.1000003815,
7,65.0178740025,-6.8763666153,-151.905487061,312.171203613,1021.38000488,20.1000003815,
7,65.0774860382,-6.85032320023,-151.503555298,312.171203613,1021.36999512,20.1000003815,
7,65.13737607,-6.8763666153,-151.905487061,312.029785156,1021.34002686,20.1000003815,
7,65.1972060204,-6.89826059341,-151.286712646,311.887695312,1021.36999512,20.1000003815,
7,65.2568359375,-6.62404251099,-151.489044189,312.171203613,1021.33001709,20.1000003815,
7,65.318156004,-6.85032320023,-151.503555298,312.171203613,1021.36999512,20.1000003815,
7,65.378485918,-6.86336231232,-151.70413208,312.171203613,1021.38000488,20.1000003815,
7,65.438601017,-6.81571435928,-151.917053223,311.916778564,1021.38000488,20.1000003815,
7,65.4987869263,-7.04066038132,-151.931625366,311.916778564,1021.38000488,20.1000003815,
7,65.5588829517,-7.11466217041,-151.611663818,311.916778564,1021.35998535,20.1000003815,
7,65.6187238693,-6.38740444183,-151.782852173,311.775482178,1021.36999512,20.1000003815,
7,65.6784520149,-6.77946233749,-151.823303223,312.029785156,1021.41998291,20.1000003815,
7,65.7382900715,-6.56770896912,-152.008453369,311.916778564,1021.39001465,20.1000003815,
7,65.7979090214,-6.6599149704,-151.581970215,312.157867432,1021.29998779,20.1000003815,
7,65.8632149696,-6.64924097061,-151.891098022,311.713897705,1021.34997559,20.1000003815,
7,65.9384469986,-6.85233688354,-152.011795044,312.273681641,1021.39001465,20.1000003815,
7,65.9984588623,-6.60287809372,-152.10333252,312.273681641,1021.28997803,20.1000003815,
7,66.058494091,-6.84114694595,-152.318481445,312.029785156,1021.34002686,20.1000003815,
7,66.1247999668,-6.68330955505,-151.473495483,312.029785156,1021.29998779,20.1000003815,
7,66.192305088,-7.04066038132,-151.931625366,312.057495117,1021.38000488,20.1000003815,
7,66.2551469803,-7.16700410843,-151.908859253,312.057495117,1021.34002686,20.0,
7,66.3155388832,-6.8763666153,-151.810958862,312.171203613,1021.40997314,20.1000003815,
7,66.375412941,-7.24024963379,-152.051696777,312.171203613,1021.34002686,20.1000003815,
7,66.4355199337,-6.88739824295,-151.596572876,311.507415771,1021.30999756,20.1000003815,
7,66.4954299927,-6.83946847916,-151.810958862,311.775482178,1021.35998535,20.1000003815,
7,66.5554170609,-6.88739824295,-151.596572876,311.916778564,1021.38000488,20.1000003815,
7,66.6150670052,-6.81362581253,-151.411529541,311.902313232,1021.35998535,20.1000003815,
7,66.6746840477,-7.02747678757,-151.73210144,311.775482178,1021.33001709,20.1000003815,
7,66.734251976,-6.57990217209,-152.208358765,311.775482178,1021.40002441,20.1000003815,
7,66.7942209244,-6.86336231232,-151.70413208,311.987213135,1021.39001465,20.1000003815,
7,66.8538808823,-6.75611829758,-151.928451538,311.902313232,1021.33001709,20.1000003815,
7,66.9283790588,-7.08984947205,-151.719055176,311.617675781,1021.34997559,20.1000003815,
7,66.9886710644,-6.87422132492,-151.395507812,311.916778564,1021.35998535,20.0,
7,67.0489518642,-6.79210042953,-152.022415161,312.569091797,1021.35998535,20.1000003815,
7,67.1085438728,-6.85233688354,-152.011795044,312.057495117,1021.30999756,20.1000003815,
7,67.1686449051,-7.29067802429,-151.840896606,311.664855957,1021.44000244,20.1000003815,
7,67.2286670208,-6.66178846359,-152.093261719,311.805419922,1021.39001465,20.1000003815,
7,67.288435936,-6.87422132492,-151.395507812,311.601623535,1021.35998535,20.1000003815,
7,67.3485229015,-6.64924097061,-151.891098022,311.330474854,1021.36999512,20.1000003815,
7,67.40843606,-7.10105991364,-151.41065979,311.330474854,1021.38000488,20.1000003815,
7,67.4684128761,-6.85233688354,-152.011795044,312.55758667,1021.38000488,20.1000003815,
7,67.5281639099,-6.88739824295,-151.596572876,312.260650635,1021.34002686,20.1000003815,
7,67.5881609917,-7.11666107178,-151.122344971,312.157867432,1021.38000488,20.1000003815,
7,67.6522839069,-7.06518268585,-151.825698853,312.286590576,1021.35998535,20.1000003815,
7,67.7124629021,-6.85233688354,-152.011795044,312.273681641,1021.27001953,20.1000003815,
7,67.7725679874,-6.39755392075,-151.474990845,312.043701172,1021.32000732,20.1000003815,
7,67.832556963,-6.68531131744,-151.986541748,312.312042236,1021.36999512,20.1000003815,
7,67.892346859,-7.0292930603,-152.236602783,312.312042236,1021.38000488,20.1000003815,
7,67.9562730789,-7.06518268585,-151.825698853,312.324584961,1021.33001709,20.1000003815,
7,68.0162479877,-6.85032320023,-151.503555298,312.324584961,1021.34997559,20.1000003815,
7,68.0763530731,-6.59206056595,-152.409011841,312.452209473,1021.38000488,20.1000003815,
